0 verbose cli /usr/local/bin/node /usr/local/bin/npm
1 info using npm@10.9.4
2 info using node@v22.22.0
3 silly config load:file:/usr/local/lib/node_modules/npm/npmrc
4 silly config load:file:/private/tmp/founderpet/.npmrc
5 silly config load:file:/Users/ijeong-geun/.npmrc
6 silly config load:file:/usr/local/etc/npmrc
7 verbose title npm install vitest
8 verbose argv "install" "vitest" "--save-dev" "--loglevel" "silent"
9 verbose logfile logs-max:10 dir:/private/tmp/founderpet/.npm-cache/_logs/2026-05-16T04_14_58_402Z-
10 verbose logfile /private/tmp/founderpet/.npm-cache/_logs/2026-05-16T04_14_58_402Z-debug-0.log
11 silly logfile start cleaning logs, removing 1 files
12 silly packumentCache heap:4345298944 maxSize:1086324736 maxEntrySize:543162368
13 silly logfile done cleaning log files
14 silly idealTree buildDeps
15 silly fetch manifest vitest@*
16 silly packumentCache full:https://registry.npmjs.org/vitest cache-miss
17 http fetch GET 200 https://registry.npmjs.org/vitest 272ms (cache miss)
18 silly packumentCache full:https://registry.npmjs.org/vitest set size:undefined disposed:false
19 silly fetch manifest @edge-runtime/vm@*
20 silly packumentCache full:https://registry.npmjs.org/@edge-runtime%2fvm cache-miss
21 http fetch GET 200 https://registry.npmjs.org/@edge-runtime%2fvm 278ms (cache miss)
22 silly packumentCache full:https://registry.npmjs.org/@edge-runtime%2fvm set size:undefined disposed:false
23 silly fetch manifest @opentelemetry/api@^1.9.0
24 silly packumentCache full:https://registry.npmjs.org/@opentelemetry%2fapi cache-miss
25 http fetch GET 200 https://registry.npmjs.org/@opentelemetry%2fapi 37ms (cache revalidated)
26 silly packumentCache full:https://registry.npmjs.org/@opentelemetry%2fapi set size:272967 disposed:false
27 silly fetch manifest @types/node@20.2.5
28 silly packumentCache full:https://registry.npmjs.org/@types%2fnode cache-miss
29 http fetch GET 200 https://registry.npmjs.org/@types%2fnode 166ms (cache miss)
30 silly packumentCache full:https://registry.npmjs.org/@types%2fnode set size:undefined disposed:false
31 silly fetch manifest @vitest/browser-playwright@4.1.6
32 silly packumentCache full:https://registry.npmjs.org/@vitest%2fbrowser-playwright cache-miss
33 http fetch GET 200 https://registry.npmjs.org/@vitest%2fbrowser-playwright 418ms (cache miss)
34 silly packumentCache full:https://registry.npmjs.org/@vitest%2fbrowser-playwright set size:undefined disposed:false
35 silly fetch manifest playwright@*
36 silly packumentCache full:https://registry.npmjs.org/playwright cache-miss
37 http fetch GET 200 https://registry.npmjs.org/playwright 286ms (cache miss)
38 silly packumentCache full:https://registry.npmjs.org/playwright set size:undefined disposed:false
39 silly fetch manifest @vitest/browser-preview@4.1.6
40 silly packumentCache full:https://registry.npmjs.org/@vitest%2fbrowser-preview cache-miss
41 http fetch GET 200 https://registry.npmjs.org/@vitest%2fbrowser-preview 415ms (cache miss)
42 silly packumentCache full:https://registry.npmjs.org/@vitest%2fbrowser-preview set size:undefined disposed:false
43 silly fetch manifest @vitest/browser-webdriverio@4.1.6
44 silly packumentCache full:https://registry.npmjs.org/@vitest%2fbrowser-webdriverio cache-miss
45 http fetch GET 200 https://registry.npmjs.org/@vitest%2fbrowser-webdriverio 560ms (cache miss)
46 silly packumentCache full:https://registry.npmjs.org/@vitest%2fbrowser-webdriverio set size:undefined disposed:false
47 silly fetch manifest webdriverio@*
48 silly packumentCache full:https://registry.npmjs.org/webdriverio cache-miss
49 http fetch GET 200 https://registry.npmjs.org/webdriverio 69ms (cache miss)
50 silly packumentCache full:https://registry.npmjs.org/webdriverio set size:undefined disposed:false
51 silly fetch manifest puppeteer-core@>=22.x || <=24.x
52 silly packumentCache full:https://registry.npmjs.org/puppeteer-core cache-miss
53 http fetch GET 200 https://registry.npmjs.org/puppeteer-core 45ms (cache miss)
54 silly packumentCache full:https://registry.npmjs.org/puppeteer-core set size:undefined disposed:false
55 silly fetch manifest @vitest/coverage-istanbul@4.1.6
56 silly packumentCache full:https://registry.npmjs.org/@vitest%2fcoverage-istanbul cache-miss
57 http fetch GET 200 https://registry.npmjs.org/@vitest%2fcoverage-istanbul 295ms (cache miss)
58 silly packumentCache full:https://registry.npmjs.org/@vitest%2fcoverage-istanbul set size:undefined disposed:false
59 silly fetch manifest @vitest/coverage-v8@4.1.6
60 silly packumentCache full:https://registry.npmjs.org/@vitest%2fcoverage-v8 cache-miss
61 http fetch GET 200 https://registry.npmjs.org/@vitest%2fcoverage-v8 38ms (cache miss)
62 silly packumentCache full:https://registry.npmjs.org/@vitest%2fcoverage-v8 set size:undefined disposed:false
63 silly fetch manifest @vitest/browser@4.1.6
64 silly packumentCache full:https://registry.npmjs.org/@vitest%2fbrowser cache-miss
65 http fetch GET 200 https://registry.npmjs.org/@vitest%2fbrowser 296ms (cache miss)
66 silly packumentCache full:https://registry.npmjs.org/@vitest%2fbrowser set size:undefined disposed:false
67 silly fetch manifest @vitest/ui@4.1.6
68 silly packumentCache full:https://registry.npmjs.org/@vitest%2fui cache-miss
69 http fetch GET 200 https://registry.npmjs.org/@vitest%2fui 316ms (cache miss)
70 silly packumentCache full:https://registry.npmjs.org/@vitest%2fui set size:undefined disposed:false
71 silly fetch manifest happy-dom@*
72 silly packumentCache full:https://registry.npmjs.org/happy-dom cache-miss
73 http fetch GET 200 https://registry.npmjs.org/happy-dom 59ms (cache miss)
74 silly packumentCache full:https://registry.npmjs.org/happy-dom set size:undefined disposed:false
75 silly fetch manifest jsdom@*
76 silly packumentCache full:https://registry.npmjs.org/jsdom cache-miss
77 http fetch GET 200 https://registry.npmjs.org/jsdom 35ms (cache miss)
78 silly packumentCache full:https://registry.npmjs.org/jsdom set size:undefined disposed:false
79 silly fetch manifest canvas@^3.0.0
80 silly packumentCache full:https://registry.npmjs.org/canvas cache-miss
81 http fetch GET 200 https://registry.npmjs.org/canvas 26ms (cache miss)
82 silly packumentCache full:https://registry.npmjs.org/canvas set size:undefined disposed:false
83 silly placeDep ROOT vitest@4.1.6 OK for: tamago-gpt@0.0.0 want: *
84 silly fetch manifest es-module-lexer@^2.0.0
85 silly packumentCache full:https://registry.npmjs.org/es-module-lexer cache-miss
86 silly fetch manifest expect-type@^1.3.0
87 silly packumentCache full:https://registry.npmjs.org/expect-type cache-miss
88 silly fetch manifest magic-string@^0.30.21
89 silly packumentCache full:https://registry.npmjs.org/magic-string cache-miss
90 silly fetch manifest obug@^2.1.1
91 silly packumentCache full:https://registry.npmjs.org/obug cache-miss
92 silly fetch manifest pathe@^2.0.3
93 silly packumentCache full:https://registry.npmjs.org/pathe cache-miss
94 silly fetch manifest picomatch@^4.0.3
95 silly packumentCache full:https://registry.npmjs.org/picomatch cache-miss
96 silly fetch manifest std-env@^4.0.0-rc.1
97 silly packumentCache full:https://registry.npmjs.org/std-env cache-miss
98 silly fetch manifest tinybench@^2.9.0
99 silly packumentCache full:https://registry.npmjs.org/tinybench cache-miss
100 silly fetch manifest tinyexec@^1.0.2
101 silly packumentCache full:https://registry.npmjs.org/tinyexec cache-miss
102 http fetch GET 200 https://registry.npmjs.org/es-module-lexer 28ms (cache miss)
103 silly packumentCache full:https://registry.npmjs.org/es-module-lexer set size:undefined disposed:false
104 silly fetch manifest tinyglobby@^0.2.15
105 silly packumentCache full:https://registry.npmjs.org/tinyglobby cache-miss
106 http fetch GET 200 https://registry.npmjs.org/tinyexec 38ms (cache miss)
107 silly packumentCache full:https://registry.npmjs.org/tinyexec set size:undefined disposed:false
108 silly fetch manifest tinyrainbow@^3.1.0
109 silly packumentCache full:https://registry.npmjs.org/tinyrainbow cache-miss
110 http fetch GET 200 https://registry.npmjs.org/obug 40ms (cache miss)
111 silly packumentCache full:https://registry.npmjs.org/obug set size:undefined disposed:false
112 silly fetch manifest vite@^6.0.0 || ^7.0.0 || ^8.0.0
113 silly packumentCache full:https://registry.npmjs.org/vite cache-miss
114 http fetch GET 200 https://registry.npmjs.org/tinybench 42ms (cache miss)
115 silly packumentCache full:https://registry.npmjs.org/tinybench set size:undefined disposed:false
116 silly fetch manifest why-is-node-running@^2.3.0
117 silly packumentCache full:https://registry.npmjs.org/why-is-node-running cache-miss
118 http fetch GET 200 https://registry.npmjs.org/picomatch 47ms (cache miss)
119 silly packumentCache full:https://registry.npmjs.org/picomatch set size:undefined disposed:false
120 silly fetch manifest @vitest/mocker@4.1.6
121 silly packumentCache full:https://registry.npmjs.org/@vitest%2fmocker cache-miss
122 http fetch GET 200 https://registry.npmjs.org/tinyglobby 20ms (cache miss)
123 silly packumentCache full:https://registry.npmjs.org/tinyglobby set size:undefined disposed:false
124 silly fetch manifest @vitest/pretty-format@4.1.6
125 silly packumentCache full:https://registry.npmjs.org/@vitest%2fpretty-format cache-miss
126 http fetch GET 200 https://registry.npmjs.org/magic-string 50ms (cache miss)
127 silly packumentCache full:https://registry.npmjs.org/magic-string set size:undefined disposed:false
128 silly fetch manifest @vitest/runner@4.1.6
129 silly packumentCache full:https://registry.npmjs.org/@vitest%2frunner cache-miss
130 http fetch GET 200 https://registry.npmjs.org/pathe 52ms (cache miss)
131 silly packumentCache full:https://registry.npmjs.org/pathe set size:undefined disposed:false
132 silly fetch manifest @vitest/expect@4.1.6
133 silly packumentCache full:https://registry.npmjs.org/@vitest%2fexpect cache-miss
134 http fetch GET 200 https://registry.npmjs.org/std-env 53ms (cache miss)
135 silly packumentCache full:https://registry.npmjs.org/std-env set size:undefined disposed:false
136 silly fetch manifest @vitest/snapshot@4.1.6
137 silly packumentCache full:https://registry.npmjs.org/@vitest%2fsnapshot cache-miss
138 http fetch GET 200 https://registry.npmjs.org/tinyrainbow 17ms (cache miss)
139 silly packumentCache full:https://registry.npmjs.org/tinyrainbow set size:undefined disposed:false
140 silly fetch manifest @vitest/utils@4.1.6
141 silly packumentCache full:https://registry.npmjs.org/@vitest%2futils cache-miss
142 http fetch GET 200 https://registry.npmjs.org/why-is-node-running 19ms (cache miss)
143 silly packumentCache full:https://registry.npmjs.org/why-is-node-running set size:undefined disposed:false
144 silly fetch manifest @vitest/spy@4.1.6
145 silly packumentCache full:https://registry.npmjs.org/@vitest%2fspy cache-miss
146 http fetch GET 200 https://registry.npmjs.org/@vitest%2fexpect 44ms (cache miss)
147 silly packumentCache full:https://registry.npmjs.org/@vitest%2fexpect set size:undefined disposed:false
148 http fetch GET 200 https://registry.npmjs.org/@vitest%2frunner 58ms (cache miss)
149 silly packumentCache full:https://registry.npmjs.org/@vitest%2frunner set size:undefined disposed:false
150 http fetch GET 200 https://registry.npmjs.org/expect-type 183ms (cache miss)
151 silly packumentCache full:https://registry.npmjs.org/expect-type set size:undefined disposed:false
152 http fetch GET 200 https://registry.npmjs.org/@vitest%2fpretty-format 177ms (cache miss)
153 silly packumentCache full:https://registry.npmjs.org/@vitest%2fpretty-format set size:undefined disposed:false
154 http fetch GET 200 https://registry.npmjs.org/@vitest%2fsnapshot 180ms (cache miss)
155 silly packumentCache full:https://registry.npmjs.org/@vitest%2fsnapshot set size:undefined disposed:false
156 http fetch GET 200 https://registry.npmjs.org/@vitest%2futils 181ms (cache miss)
157 silly packumentCache full:https://registry.npmjs.org/@vitest%2futils set size:undefined disposed:false
158 http fetch GET 200 https://registry.npmjs.org/@vitest%2fmocker 420ms (cache miss)
159 silly packumentCache full:https://registry.npmjs.org/@vitest%2fmocker set size:undefined disposed:false
160 http fetch GET 200 https://registry.npmjs.org/@vitest%2fspy 432ms (cache miss)
161 silly packumentCache full:https://registry.npmjs.org/@vitest%2fspy set size:undefined disposed:false
162 http fetch GET 200 https://registry.npmjs.org/vite 1121ms (cache miss)
163 silly packumentCache full:https://registry.npmjs.org/vite set size:undefined disposed:false
164 silly fetch manifest @types/node@^20.0.0 || ^22.0.0 || >=24.0.0
165 silly packumentCache full:https://registry.npmjs.org/@types%2fnode cache-miss
166 http cache https://registry.npmjs.org/@types%2fnode 10ms (cache hit)
167 silly packumentCache full:https://registry.npmjs.org/@types%2fnode set size:11008407 disposed:false
168 silly fetch manifest @vitejs/devtools@^0.1.18
169 silly packumentCache full:https://registry.npmjs.org/@vitejs%2fdevtools cache-miss
170 http fetch GET 200 https://registry.npmjs.org/@vitejs%2fdevtools 292ms (cache miss)
171 silly packumentCache full:https://registry.npmjs.org/@vitejs%2fdevtools set size:undefined disposed:false
172 silly fetch manifest esbuild@^0.27.0 || ^0.28.0
173 silly packumentCache full:https://registry.npmjs.org/esbuild cache-miss
174 http fetch GET 200 https://registry.npmjs.org/esbuild 74ms (cache miss)
175 silly packumentCache full:https://registry.npmjs.org/esbuild set size:undefined disposed:false
176 silly fetch manifest jiti@>=1.21.0
177 silly packumentCache full:https://registry.npmjs.org/jiti cache-miss
178 http fetch GET 200 https://registry.npmjs.org/jiti 25ms (cache miss)
179 silly packumentCache full:https://registry.npmjs.org/jiti set size:undefined disposed:false
180 silly fetch manifest less@^4.0.0
181 silly packumentCache full:https://registry.npmjs.org/less cache-miss
182 http fetch GET 200 https://registry.npmjs.org/less 28ms (cache miss)
183 silly packumentCache full:https://registry.npmjs.org/less set size:undefined disposed:false
184 silly fetch manifest sass@^1.70.0
185 silly packumentCache full:https://registry.npmjs.org/sass cache-miss
186 http fetch GET 200 https://registry.npmjs.org/sass 22ms (cache revalidated)
187 silly packumentCache full:https://registry.npmjs.org/sass set size:726244 disposed:false
188 silly fetch manifest sass-embedded@^1.70.0
189 silly packumentCache full:https://registry.npmjs.org/sass-embedded cache-miss
190 http fetch GET 200 https://registry.npmjs.org/sass-embedded 163ms (cache miss)
191 silly packumentCache full:https://registry.npmjs.org/sass-embedded set size:undefined disposed:false
192 silly fetch manifest stylus@>=0.54.8
193 silly packumentCache full:https://registry.npmjs.org/stylus cache-miss
194 http fetch GET 200 https://registry.npmjs.org/stylus 24ms (cache miss)
195 silly packumentCache full:https://registry.npmjs.org/stylus set size:undefined disposed:false
196 silly fetch manifest sugarss@^5.0.0
197 silly packumentCache full:https://registry.npmjs.org/sugarss cache-miss
198 http fetch GET 200 https://registry.npmjs.org/sugarss 20ms (cache miss)
199 silly packumentCache full:https://registry.npmjs.org/sugarss set size:undefined disposed:false
200 silly fetch manifest postcss@^8.3.3
201 silly packumentCache full:https://registry.npmjs.org/postcss cache-miss
202 http fetch GET 200 https://registry.npmjs.org/postcss 36ms (cache miss)
203 silly packumentCache full:https://registry.npmjs.org/postcss set size:undefined disposed:false
204 silly fetch manifest terser@^5.16.0
205 silly packumentCache full:https://registry.npmjs.org/terser cache-miss
206 http fetch GET 200 https://registry.npmjs.org/terser 33ms (cache miss)
207 silly packumentCache full:https://registry.npmjs.org/terser set size:undefined disposed:false
208 silly fetch manifest tsx@^4.8.1
209 silly packumentCache full:https://registry.npmjs.org/tsx cache-miss
210 http fetch GET 200 https://registry.npmjs.org/tsx 28ms (cache miss)
211 silly packumentCache full:https://registry.npmjs.org/tsx set size:undefined disposed:false
212 silly fetch manifest yaml@^2.4.2
213 silly packumentCache full:https://registry.npmjs.org/yaml cache-miss
214 http fetch GET 200 https://registry.npmjs.org/yaml 25ms (cache miss)
215 silly packumentCache full:https://registry.npmjs.org/yaml set size:undefined disposed:false
216 silly fetch manifest msw@^2.4.9
217 silly packumentCache full:https://registry.npmjs.org/msw cache-miss
218 http fetch GET 200 https://registry.npmjs.org/msw 46ms (cache miss)
219 silly packumentCache full:https://registry.npmjs.org/msw set size:undefined disposed:false
220 silly fetch manifest typescript@>= 4.8.x
221 silly packumentCache full:https://registry.npmjs.org/typescript cache-miss
222 http fetch GET 200 https://registry.npmjs.org/typescript 231ms (cache miss)
223 silly packumentCache full:https://registry.npmjs.org/typescript set size:undefined disposed:false
224 silly placeDep ROOT @vitest/expect@4.1.6 OK for: vitest@4.1.6 want: 4.1.6
225 silly placeDep node_modules/vitest @vitest/mocker@4.1.6 CONFLICT for: vitest@4.1.6 want: 4.1.6
226 silly placeDep ROOT @vitest/pretty-format@4.1.6 OK for: vitest@4.1.6 want: 4.1.6
227 silly placeDep ROOT @vitest/runner@4.1.6 OK for: vitest@4.1.6 want: 4.1.6
228 silly placeDep ROOT @vitest/snapshot@4.1.6 OK for: vitest@4.1.6 want: 4.1.6
229 silly placeDep ROOT @vitest/spy@4.1.6 OK for: vitest@4.1.6 want: 4.1.6
230 silly placeDep ROOT @vitest/utils@4.1.6 OK for: vitest@4.1.6 want: 4.1.6
231 silly placeDep ROOT es-module-lexer@2.1.0 OK for: vitest@4.1.6 want: ^2.0.0
232 silly placeDep ROOT expect-type@1.3.0 OK for: vitest@4.1.6 want: ^1.3.0
233 silly placeDep ROOT magic-string@0.30.21 OK for: vitest@4.1.6 want: ^0.30.21
234 silly placeDep ROOT obug@2.1.1 OK for: vitest@4.1.6 want: ^2.1.1
235 silly placeDep node_modules/vitest pathe@2.0.3 OK for: vitest@4.1.6 want: ^2.0.3
236 silly placeDep node_modules/vitest picomatch@4.0.4 OK for: vitest@4.1.6 want: ^4.0.3
237 silly placeDep ROOT std-env@4.1.0 OK for: vitest@4.1.6 want: ^4.0.0-rc.1
238 silly placeDep ROOT tinybench@2.9.0 OK for: vitest@4.1.6 want: ^2.9.0
239 silly placeDep ROOT tinyexec@1.1.2 OK for: vitest@4.1.6 want: ^1.0.2
240 silly placeDep ROOT tinyglobby@0.2.16 OK for: vitest@4.1.6 want: ^0.2.15
241 silly placeDep ROOT tinyrainbow@3.1.0 OK for: vitest@4.1.6 want: ^3.1.0
242 silly placeDep node_modules/vitest vite@8.0.13 CONFLICT for: vitest@4.1.6 want: ^6.0.0 || ^7.0.0 || ^8.0.0
243 warn ERESOLVE overriding peer dependency {
243 warn ERESOLVE   code: 'ERESOLVE',
243 warn ERESOLVE   edge: {
243 warn ERESOLVE     type: 'peerOptional',
243 warn ERESOLVE     name: '@types/node',
243 warn ERESOLVE     spec: '^20.19.0 || >=22.12.0',
243 warn ERESOLVE     error: 'INVALID',
243 warn ERESOLVE     from: {
243 warn ERESOLVE       name: 'vite',
243 warn ERESOLVE       version: '8.0.13',
243 warn ERESOLVE       location: 'node_modules/vitest/node_modules/vite',
243 warn ERESOLVE       isWorkspace: false,
243 warn ERESOLVE       dependents: [Array]
243 warn ERESOLVE     }
243 warn ERESOLVE   },
243 warn ERESOLVE   dep: {
243 warn ERESOLVE     name: '@types/node',
243 warn ERESOLVE     version: '25.8.0',
243 warn ERESOLVE     whileInstalling: {
243 warn ERESOLVE       name: 'vitest',
243 warn ERESOLVE       version: '4.1.6',
243 warn ERESOLVE       path: '/private/tmp/founderpet/node_modules/vitest'
243 warn ERESOLVE     },
243 warn ERESOLVE     location: 'node_modules/@types/node',
243 warn ERESOLVE     isWorkspace: false,
243 warn ERESOLVE     dependents: [ [Object] ]
243 warn ERESOLVE   },
243 warn ERESOLVE   force: false,
243 warn ERESOLVE   isMine: false,
243 warn ERESOLVE   strictPeerDeps: false,
243 warn ERESOLVE   current: {
243 warn ERESOLVE     name: '@types/node',
243 warn ERESOLVE     version: '20.2.5',
243 warn ERESOLVE     location: 'node_modules/@types/node',
243 warn ERESOLVE     isWorkspace: false,
243 warn ERESOLVE     dependents: [ [Object] ]
243 warn ERESOLVE   },
243 warn ERESOLVE   peerConflict: {
243 warn ERESOLVE     name: '@types/node',
243 warn ERESOLVE     version: '20.2.5',
243 warn ERESOLVE     location: 'node_modules/@types/node',
243 warn ERESOLVE     isWorkspace: false,
243 warn ERESOLVE     dependents: [ [Object] ]
243 warn ERESOLVE   }
243 warn ERESOLVE }
244 silly placeDep node_modules/vitest jiti@2.7.0 OK for: vite@8.0.13 want: >=1.21.0
245 silly placeDep ROOT yaml@2.9.0 REPLACE for: vite@8.0.13 want: ^2.4.2
246 silly placeDep ROOT why-is-node-running@2.3.0 OK for: vitest@4.1.6 want: ^2.3.0
247 silly fetch manifest @standard-schema/spec@^1.1.0
248 silly packumentCache full:https://registry.npmjs.org/@standard-schema%2fspec cache-miss
249 silly fetch manifest @types/chai@^5.2.2
250 silly packumentCache full:https://registry.npmjs.org/@types%2fchai cache-miss
251 silly fetch manifest chai@^6.2.2
252 silly packumentCache full:https://registry.npmjs.org/chai cache-miss
253 silly fetch manifest estree-walker@^3.0.3
254 silly packumentCache full:https://registry.npmjs.org/estree-walker cache-miss
255 silly fetch manifest convert-source-map@^2.0.0
256 silly packumentCache full:https://registry.npmjs.org/convert-source-map cache-miss
257 silly fetch manifest @jridgewell/sourcemap-codec@^1.5.5
258 silly packumentCache full:https://registry.npmjs.org/@jridgewell%2fsourcemap-codec cache-miss
259 silly fetch manifest fdir@^6.5.0
260 silly packumentCache full:https://registry.npmjs.org/fdir cache-miss
261 silly fetch manifest picomatch@^4.0.4
262 silly packumentCache full:https://registry.npmjs.org/picomatch cache-miss
263 silly fetch manifest @types/node@^20.19.0 || >=22.12.0
264 silly packumentCache full:https://registry.npmjs.org/@types%2fnode cache-miss
265 http cache https://registry.npmjs.org/picomatch 3ms (cache hit)
266 silly packumentCache full:https://registry.npmjs.org/picomatch set size:126376 disposed:false
267 silly fetch manifest lightningcss@^1.32.0
268 silly packumentCache full:https://registry.npmjs.org/lightningcss cache-miss
269 http cache https://registry.npmjs.org/@types%2fnode 11ms (cache hit)
270 silly packumentCache full:https://registry.npmjs.org/@types%2fnode set size:11008407 disposed:false
271 silly fetch manifest postcss@^8.5.14
272 silly packumentCache full:https://registry.npmjs.org/postcss cache-miss
273 http cache https://registry.npmjs.org/postcss 33ms (cache hit)
274 silly packumentCache full:https://registry.npmjs.org/postcss set size:720302 disposed:false
275 silly fetch manifest rolldown@1.0.1
276 silly packumentCache full:https://registry.npmjs.org/rolldown cache-miss
277 http fetch GET 200 https://registry.npmjs.org/@standard-schema%2fspec 82ms (cache miss)
278 silly packumentCache full:https://registry.npmjs.org/@standard-schema%2fspec set size:undefined disposed:false
279 silly fetch manifest fsevents@~2.3.3
280 silly packumentCache full:https://registry.npmjs.org/fsevents cache-miss
281 http fetch GET 200 https://registry.npmjs.org/convert-source-map 82ms (cache miss)
282 silly packumentCache full:https://registry.npmjs.org/convert-source-map set size:undefined disposed:false
283 silly fetch manifest siginfo@^2.0.0
284 silly packumentCache full:https://registry.npmjs.org/siginfo cache-miss
285 http fetch GET 200 https://registry.npmjs.org/@jridgewell%2fsourcemap-codec 82ms (cache miss)
286 silly packumentCache full:https://registry.npmjs.org/@jridgewell%2fsourcemap-codec set size:undefined disposed:false
287 silly fetch manifest stackback@0.0.2
288 silly packumentCache full:https://registry.npmjs.org/stackback cache-miss
289 http fetch GET 200 https://registry.npmjs.org/estree-walker 84ms (cache miss)
290 silly packumentCache full:https://registry.npmjs.org/estree-walker set size:undefined disposed:false
291 http fetch GET 200 https://registry.npmjs.org/fdir 83ms (cache miss)
292 silly packumentCache full:https://registry.npmjs.org/fdir set size:undefined disposed:false
293 http fetch GET 200 https://registry.npmjs.org/@types%2fchai 85ms (cache miss)
294 silly packumentCache full:https://registry.npmjs.org/@types%2fchai set size:undefined disposed:false
295 http fetch GET 200 https://registry.npmjs.org/lightningcss 84ms (cache miss)
296 silly packumentCache full:https://registry.npmjs.org/lightningcss set size:undefined disposed:false
297 http fetch GET 200 https://registry.npmjs.org/siginfo 20ms (cache miss)
298 silly packumentCache full:https://registry.npmjs.org/siginfo set size:undefined disposed:false
299 http fetch GET 200 https://registry.npmjs.org/fsevents 23ms (cache miss)
300 silly packumentCache full:https://registry.npmjs.org/fsevents set size:undefined disposed:false
301 http fetch GET 200 https://registry.npmjs.org/rolldown 63ms (cache miss)
302 silly packumentCache full:https://registry.npmjs.org/rolldown set size:undefined disposed:false
303 http fetch GET 200 https://registry.npmjs.org/chai 164ms (cache miss)
304 silly packumentCache full:https://registry.npmjs.org/chai set size:undefined disposed:false
305 http fetch GET 200 https://registry.npmjs.org/stackback 160ms (cache miss)
306 silly packumentCache full:https://registry.npmjs.org/stackback set size:undefined disposed:false
307 silly placeDep ROOT @standard-schema/spec@1.1.0 OK for: @vitest/expect@4.1.6 want: ^1.1.0
308 silly placeDep ROOT @types/chai@5.2.3 OK for: @vitest/expect@4.1.6 want: ^5.2.2
309 silly placeDep ROOT chai@6.2.2 OK for: @vitest/expect@4.1.6 want: ^6.2.2
310 silly fetch manifest @types/deep-eql@*
311 silly packumentCache full:https://registry.npmjs.org/@types%2fdeep-eql cache-miss
312 silly fetch manifest assertion-error@^2.0.1
313 silly packumentCache full:https://registry.npmjs.org/assertion-error cache-miss
314 http fetch GET 200 https://registry.npmjs.org/assertion-error 18ms (cache miss)
315 silly packumentCache full:https://registry.npmjs.org/assertion-error set size:undefined disposed:false
316 http fetch GET 200 https://registry.npmjs.org/@types%2fdeep-eql 24ms (cache miss)
317 silly packumentCache full:https://registry.npmjs.org/@types%2fdeep-eql set size:undefined disposed:false
318 silly placeDep ROOT @types/deep-eql@4.0.2 OK for: @types/chai@5.2.3 want: *
319 silly placeDep ROOT assertion-error@2.0.1 OK for: @types/chai@5.2.3 want: ^2.0.1
320 silly placeDep node_modules/@vitest/runner pathe@2.0.3 OK for: @vitest/runner@4.1.6 want: ^2.0.3
321 silly placeDep node_modules/@vitest/snapshot pathe@2.0.3 OK for: @vitest/snapshot@4.1.6 want: ^2.0.3
322 silly placeDep ROOT convert-source-map@2.0.0 OK for: @vitest/utils@4.1.6 want: ^2.0.0
323 silly placeDep ROOT @jridgewell/sourcemap-codec@1.5.5 REPLACE for: magic-string@0.30.21 want: ^1.5.5
324 silly placeDep node_modules/tinyglobby fdir@6.5.0 OK for: tinyglobby@0.2.16 want: ^6.5.0
325 silly placeDep node_modules/tinyglobby picomatch@4.0.4 OK for: fdir@6.5.0 want: ^3 || ^4
326 silly placeDep ROOT siginfo@2.0.0 OK for: why-is-node-running@2.3.0 want: ^2.0.0
327 silly placeDep ROOT stackback@0.0.2 OK for: why-is-node-running@2.3.0 want: 0.0.2
328 silly placeDep ROOT estree-walker@3.0.3 OK for: @vitest/mocker@4.1.6 want: ^3.0.3
329 silly fetch manifest @types/estree@^1.0.0
330 silly packumentCache full:https://registry.npmjs.org/@types%2festree cache-miss
331 http fetch GET 200 https://registry.npmjs.org/@types%2festree 167ms (cache miss)
332 silly packumentCache full:https://registry.npmjs.org/@types%2festree set size:undefined disposed:false
333 silly placeDep ROOT @types/estree@1.0.9 OK for: estree-walker@3.0.3 want: ^1.0.0
334 silly placeDep ROOT fsevents@2.3.3 REPLACE for: vite@8.0.13 want: ~2.3.3
335 silly placeDep ROOT lightningcss@1.32.0 OK for: vite@8.0.13 want: ^1.32.0
336 silly placeDep node_modules/vitest postcss@8.5.14 OK for: vite@8.0.13 want: ^8.5.14
337 silly placeDep ROOT rolldown@1.0.1 OK for: vite@8.0.13 want: 1.0.1
338 silly fetch manifest detect-libc@^2.0.3
339 silly packumentCache full:https://registry.npmjs.org/detect-libc cache-miss
340 silly fetch manifest lightningcss-darwin-x64@1.32.0
341 silly packumentCache full:https://registry.npmjs.org/lightningcss-darwin-x64 cache-miss
342 silly fetch manifest lightningcss-linux-x64-gnu@1.32.0
343 silly packumentCache full:https://registry.npmjs.org/lightningcss-linux-x64-gnu cache-miss
344 silly fetch manifest lightningcss-win32-x64-msvc@1.32.0
345 silly packumentCache full:https://registry.npmjs.org/lightningcss-win32-x64-msvc cache-miss
346 silly fetch manifest lightningcss-win32-arm64-msvc@1.32.0
347 silly packumentCache full:https://registry.npmjs.org/lightningcss-win32-arm64-msvc cache-miss
348 silly fetch manifest lightningcss-darwin-arm64@1.32.0
349 silly packumentCache full:https://registry.npmjs.org/lightningcss-darwin-arm64 cache-miss
350 silly fetch manifest lightningcss-linux-arm64-gnu@1.32.0
351 silly packumentCache full:https://registry.npmjs.org/lightningcss-linux-arm64-gnu cache-miss
352 silly fetch manifest lightningcss-linux-arm-gnueabihf@1.32.0
353 silly packumentCache full:https://registry.npmjs.org/lightningcss-linux-arm-gnueabihf cache-miss
354 silly fetch manifest lightningcss-linux-arm64-musl@1.32.0
355 silly packumentCache full:https://registry.npmjs.org/lightningcss-linux-arm64-musl cache-miss
356 http fetch GET 200 https://registry.npmjs.org/detect-libc 21ms (cache miss)
357 silly packumentCache full:https://registry.npmjs.org/detect-libc set size:undefined disposed:false
358 silly fetch manifest lightningcss-linux-x64-musl@1.32.0
359 silly packumentCache full:https://registry.npmjs.org/lightningcss-linux-x64-musl cache-miss
360 http fetch GET 200 https://registry.npmjs.org/lightningcss-win32-x64-msvc 22ms (cache miss)
361 silly packumentCache full:https://registry.npmjs.org/lightningcss-win32-x64-msvc set size:undefined disposed:false
362 silly fetch manifest lightningcss-freebsd-x64@1.32.0
363 silly packumentCache full:https://registry.npmjs.org/lightningcss-freebsd-x64 cache-miss
364 http fetch GET 200 https://registry.npmjs.org/lightningcss-win32-arm64-msvc 23ms (cache miss)
365 silly packumentCache full:https://registry.npmjs.org/lightningcss-win32-arm64-msvc set size:undefined disposed:false
366 silly fetch manifest lightningcss-android-arm64@1.32.0
367 silly packumentCache full:https://registry.npmjs.org/lightningcss-android-arm64 cache-miss
368 http fetch GET 200 https://registry.npmjs.org/lightningcss-linux-x64-gnu 23ms (cache miss)
369 silly packumentCache full:https://registry.npmjs.org/lightningcss-linux-x64-gnu set size:undefined disposed:false
370 silly fetch manifest nanoid@^3.3.11
371 silly packumentCache full:https://registry.npmjs.org/nanoid cache-miss
372 http fetch GET 200 https://registry.npmjs.org/lightningcss-linux-arm64-gnu 27ms (cache miss)
373 silly packumentCache full:https://registry.npmjs.org/lightningcss-linux-arm64-gnu set size:undefined disposed:false
374 silly fetch manifest picocolors@^1.1.1
375 silly packumentCache full:https://registry.npmjs.org/picocolors cache-miss
376 http fetch GET 200 https://registry.npmjs.org/lightningcss-darwin-x64 27ms (cache miss)
377 silly packumentCache full:https://registry.npmjs.org/lightningcss-darwin-x64 set size:undefined disposed:false
378 silly fetch manifest source-map-js@^1.2.1
379 silly packumentCache full:https://registry.npmjs.org/source-map-js cache-miss
380 http fetch GET 200 https://registry.npmjs.org/lightningcss-darwin-arm64 28ms (cache miss)
381 silly packumentCache full:https://registry.npmjs.org/lightningcss-darwin-arm64 set size:undefined disposed:false
382 silly fetch manifest @oxc-project/types@=0.130.0
383 silly packumentCache full:https://registry.npmjs.org/@oxc-project%2ftypes cache-miss
384 http fetch GET 200 https://registry.npmjs.org/lightningcss-linux-arm64-musl 29ms (cache miss)
385 silly packumentCache full:https://registry.npmjs.org/lightningcss-linux-arm64-musl set size:undefined disposed:false
386 silly fetch manifest @rolldown/pluginutils@^1.0.0
387 silly packumentCache full:https://registry.npmjs.org/@rolldown%2fpluginutils cache-miss
388 http fetch GET 200 https://registry.npmjs.org/lightningcss-linux-arm-gnueabihf 29ms (cache miss)
389 silly packumentCache full:https://registry.npmjs.org/lightningcss-linux-arm-gnueabihf set size:undefined disposed:false
390 silly fetch manifest @rolldown/binding-darwin-x64@1.0.1
391 silly packumentCache full:https://registry.npmjs.org/@rolldown%2fbinding-darwin-x64 cache-miss
392 http fetch GET 200 https://registry.npmjs.org/lightningcss-freebsd-x64 17ms (cache miss)
393 silly packumentCache full:https://registry.npmjs.org/lightningcss-freebsd-x64 set size:undefined disposed:false
394 silly fetch manifest @rolldown/binding-win32-x64-msvc@1.0.1
395 silly packumentCache full:https://registry.npmjs.org/@rolldown%2fbinding-win32-x64-msvc cache-miss
396 http fetch GET 200 https://registry.npmjs.org/picocolors 16ms (cache miss)
397 silly packumentCache full:https://registry.npmjs.org/picocolors set size:undefined disposed:false
398 silly fetch manifest @rolldown/binding-linux-x64-gnu@1.0.1
399 silly packumentCache full:https://registry.npmjs.org/@rolldown%2fbinding-linux-x64-gnu cache-miss
400 http fetch GET 200 https://registry.npmjs.org/lightningcss-linux-x64-musl 21ms (cache miss)
401 silly packumentCache full:https://registry.npmjs.org/lightningcss-linux-x64-musl set size:undefined disposed:false
402 silly fetch manifest @rolldown/binding-linux-x64-musl@1.0.1
403 silly packumentCache full:https://registry.npmjs.org/@rolldown%2fbinding-linux-x64-musl cache-miss
404 http fetch GET 200 https://registry.npmjs.org/lightningcss-android-arm64 21ms (cache miss)
405 silly packumentCache full:https://registry.npmjs.org/lightningcss-android-arm64 set size:undefined disposed:false
406 silly fetch manifest @rolldown/binding-freebsd-x64@1.0.1
407 silly packumentCache full:https://registry.npmjs.org/@rolldown%2fbinding-freebsd-x64 cache-miss
408 http fetch GET 200 https://registry.npmjs.org/source-map-js 19ms (cache miss)
409 silly packumentCache full:https://registry.npmjs.org/source-map-js set size:undefined disposed:false
410 silly fetch manifest @rolldown/binding-linux-arm-gnueabihf@1.0.1
411 silly packumentCache full:https://registry.npmjs.org/@rolldown%2fbinding-linux-arm-gnueabihf cache-miss
412 http fetch GET 200 https://registry.npmjs.org/nanoid 28ms (cache miss)
413 silly packumentCache full:https://registry.npmjs.org/nanoid set size:undefined disposed:false
414 silly fetch manifest @rolldown/binding-linux-arm64-gnu@1.0.1
415 silly packumentCache full:https://registry.npmjs.org/@rolldown%2fbinding-linux-arm64-gnu cache-miss
416 http fetch GET 200 https://registry.npmjs.org/@oxc-project%2ftypes 34ms (cache miss)
417 silly packumentCache full:https://registry.npmjs.org/@oxc-project%2ftypes set size:undefined disposed:false
418 silly fetch manifest @rolldown/binding-darwin-arm64@1.0.1
419 silly packumentCache full:https://registry.npmjs.org/@rolldown%2fbinding-darwin-arm64 cache-miss
420 http fetch GET 200 https://registry.npmjs.org/@rolldown%2fbinding-linux-x64-musl 57ms (cache miss)
421 silly packumentCache full:https://registry.npmjs.org/@rolldown%2fbinding-linux-x64-musl set size:undefined disposed:false
422 silly fetch manifest @rolldown/binding-linux-arm64-musl@1.0.1
423 silly packumentCache full:https://registry.npmjs.org/@rolldown%2fbinding-linux-arm64-musl cache-miss
424 http fetch GET 200 https://registry.npmjs.org/@rolldown%2fbinding-darwin-arm64 48ms (cache miss)
425 silly packumentCache full:https://registry.npmjs.org/@rolldown%2fbinding-darwin-arm64 set size:undefined disposed:false
426 silly fetch manifest @rolldown/binding-openharmony-arm64@1.0.1
427 silly packumentCache full:https://registry.npmjs.org/@rolldown%2fbinding-openharmony-arm64 cache-miss
428 http fetch GET 200 https://registry.npmjs.org/@rolldown%2fpluginutils 172ms (cache miss)
429 silly packumentCache full:https://registry.npmjs.org/@rolldown%2fpluginutils set size:undefined disposed:false
430 silly fetch manifest @rolldown/binding-win32-arm64-msvc@1.0.1
431 silly packumentCache full:https://registry.npmjs.org/@rolldown%2fbinding-win32-arm64-msvc cache-miss
432 http fetch GET 200 https://registry.npmjs.org/@rolldown%2fbinding-win32-x64-msvc 292ms (cache miss)
433 silly packumentCache full:https://registry.npmjs.org/@rolldown%2fbinding-win32-x64-msvc set size:undefined disposed:false
434 silly fetch manifest @rolldown/binding-android-arm64@1.0.1
435 silly packumentCache full:https://registry.npmjs.org/@rolldown%2fbinding-android-arm64 cache-miss
436 http fetch GET 200 https://registry.npmjs.org/@rolldown%2fbinding-freebsd-x64 297ms (cache miss)
437 silly packumentCache full:https://registry.npmjs.org/@rolldown%2fbinding-freebsd-x64 set size:undefined disposed:false
438 silly fetch manifest @rolldown/binding-wasm32-wasi@1.0.1
439 silly packumentCache full:https://registry.npmjs.org/@rolldown%2fbinding-wasm32-wasi cache-miss
440 http fetch GET 200 https://registry.npmjs.org/@rolldown%2fbinding-linux-arm-gnueabihf 301ms (cache miss)
441 silly packumentCache full:https://registry.npmjs.org/@rolldown%2fbinding-linux-arm-gnueabihf set size:undefined disposed:false
442 silly fetch manifest @rolldown/binding-linux-s390x-gnu@1.0.1
443 silly packumentCache full:https://registry.npmjs.org/@rolldown%2fbinding-linux-s390x-gnu cache-miss
444 http fetch GET 200 https://registry.npmjs.org/@rolldown%2fbinding-darwin-x64 325ms (cache miss)
445 silly packumentCache full:https://registry.npmjs.org/@rolldown%2fbinding-darwin-x64 set size:undefined disposed:false
446 silly fetch manifest @rolldown/binding-linux-ppc64-gnu@1.0.1
447 silly packumentCache full:https://registry.npmjs.org/@rolldown%2fbinding-linux-ppc64-gnu cache-miss
448 http fetch GET 200 https://registry.npmjs.org/@rolldown%2fbinding-linux-arm64-gnu 306ms (cache miss)
449 silly packumentCache full:https://registry.npmjs.org/@rolldown%2fbinding-linux-arm64-gnu set size:undefined disposed:false
450 http fetch GET 200 https://registry.npmjs.org/@rolldown%2fbinding-linux-s390x-gnu 34ms (cache miss)
451 silly packumentCache full:https://registry.npmjs.org/@rolldown%2fbinding-linux-s390x-gnu set size:undefined disposed:false
452 http fetch GET 200 https://registry.npmjs.org/@rolldown%2fbinding-openharmony-arm64 283ms (cache miss)
453 silly packumentCache full:https://registry.npmjs.org/@rolldown%2fbinding-openharmony-arm64 set size:undefined disposed:false
454 http fetch GET 200 https://registry.npmjs.org/@rolldown%2fbinding-linux-x64-gnu 448ms (cache miss)
455 silly packumentCache full:https://registry.npmjs.org/@rolldown%2fbinding-linux-x64-gnu set size:undefined disposed:false
456 http fetch GET 200 https://registry.npmjs.org/@rolldown%2fbinding-win32-arm64-msvc 296ms (cache miss)
457 silly packumentCache full:https://registry.npmjs.org/@rolldown%2fbinding-win32-arm64-msvc set size:undefined disposed:false
458 http fetch GET 200 https://registry.npmjs.org/@rolldown%2fbinding-linux-arm64-musl 447ms (cache miss)
459 silly packumentCache full:https://registry.npmjs.org/@rolldown%2fbinding-linux-arm64-musl set size:undefined disposed:false
460 http fetch GET 200 https://registry.npmjs.org/@rolldown%2fbinding-android-arm64 283ms (cache miss)
461 silly packumentCache full:https://registry.npmjs.org/@rolldown%2fbinding-android-arm64 set size:undefined disposed:false
462 http fetch GET 200 https://registry.npmjs.org/@rolldown%2fbinding-wasm32-wasi 301ms (cache miss)
463 silly packumentCache full:https://registry.npmjs.org/@rolldown%2fbinding-wasm32-wasi set size:undefined disposed:false
464 http fetch GET 200 https://registry.npmjs.org/@rolldown%2fbinding-linux-ppc64-gnu 295ms (cache miss)
465 silly packumentCache full:https://registry.npmjs.org/@rolldown%2fbinding-linux-ppc64-gnu set size:undefined disposed:false
466 silly placeDep ROOT detect-libc@2.1.2 REPLACE for: lightningcss@1.32.0 want: ^2.0.3
467 silly placeDep ROOT lightningcss-android-arm64@1.32.0 OK for: lightningcss@1.32.0 want: 1.32.0
468 silly placeDep ROOT lightningcss-darwin-arm64@1.32.0 OK for: lightningcss@1.32.0 want: 1.32.0
469 silly placeDep ROOT lightningcss-darwin-x64@1.32.0 OK for: lightningcss@1.32.0 want: 1.32.0
470 silly placeDep ROOT lightningcss-freebsd-x64@1.32.0 OK for: lightningcss@1.32.0 want: 1.32.0
471 silly placeDep ROOT lightningcss-linux-arm-gnueabihf@1.32.0 OK for: lightningcss@1.32.0 want: 1.32.0
472 silly placeDep ROOT lightningcss-linux-arm64-gnu@1.32.0 OK for: lightningcss@1.32.0 want: 1.32.0
473 silly placeDep ROOT lightningcss-linux-arm64-musl@1.32.0 OK for: lightningcss@1.32.0 want: 1.32.0
474 silly placeDep ROOT lightningcss-linux-x64-gnu@1.32.0 OK for: lightningcss@1.32.0 want: 1.32.0
475 silly placeDep ROOT lightningcss-linux-x64-musl@1.32.0 OK for: lightningcss@1.32.0 want: 1.32.0
476 silly placeDep ROOT lightningcss-win32-arm64-msvc@1.32.0 OK for: lightningcss@1.32.0 want: 1.32.0
477 silly placeDep ROOT lightningcss-win32-x64-msvc@1.32.0 OK for: lightningcss@1.32.0 want: 1.32.0
478 silly placeDep ROOT @oxc-project/types@0.130.0 OK for: rolldown@1.0.1 want: =0.130.0
479 silly placeDep ROOT @rolldown/binding-android-arm64@1.0.1 OK for: rolldown@1.0.1 want: 1.0.1
480 silly placeDep ROOT @rolldown/binding-darwin-arm64@1.0.1 OK for: rolldown@1.0.1 want: 1.0.1
481 silly placeDep ROOT @rolldown/binding-darwin-x64@1.0.1 OK for: rolldown@1.0.1 want: 1.0.1
482 silly placeDep ROOT @rolldown/binding-freebsd-x64@1.0.1 OK for: rolldown@1.0.1 want: 1.0.1
483 silly placeDep ROOT @rolldown/binding-linux-arm-gnueabihf@1.0.1 OK for: rolldown@1.0.1 want: 1.0.1
484 silly placeDep ROOT @rolldown/binding-linux-arm64-gnu@1.0.1 OK for: rolldown@1.0.1 want: 1.0.1
485 silly placeDep ROOT @rolldown/binding-linux-arm64-musl@1.0.1 OK for: rolldown@1.0.1 want: 1.0.1
486 silly placeDep ROOT @rolldown/binding-linux-ppc64-gnu@1.0.1 OK for: rolldown@1.0.1 want: 1.0.1
487 silly placeDep ROOT @rolldown/binding-linux-s390x-gnu@1.0.1 OK for: rolldown@1.0.1 want: 1.0.1
488 silly placeDep ROOT @rolldown/binding-linux-x64-gnu@1.0.1 OK for: rolldown@1.0.1 want: 1.0.1
489 silly placeDep ROOT @rolldown/binding-linux-x64-musl@1.0.1 OK for: rolldown@1.0.1 want: 1.0.1
490 silly placeDep ROOT @rolldown/binding-openharmony-arm64@1.0.1 OK for: rolldown@1.0.1 want: 1.0.1
491 silly placeDep ROOT @rolldown/binding-wasm32-wasi@1.0.1 OK for: rolldown@1.0.1 want: 1.0.1
492 silly placeDep ROOT @rolldown/binding-win32-arm64-msvc@1.0.1 OK for: rolldown@1.0.1 want: 1.0.1
493 silly placeDep ROOT @rolldown/binding-win32-x64-msvc@1.0.1 OK for: rolldown@1.0.1 want: 1.0.1
494 silly placeDep ROOT @rolldown/pluginutils@1.0.1 OK for: rolldown@1.0.1 want: ^1.0.0
495 silly fetch manifest @napi-rs/wasm-runtime@^1.1.4
496 silly packumentCache full:https://registry.npmjs.org/@napi-rs%2fwasm-runtime cache-miss
497 silly fetch manifest @emnapi/core@1.10.0
498 silly packumentCache full:https://registry.npmjs.org/@emnapi%2fcore cache-miss
499 silly fetch manifest @emnapi/runtime@1.10.0
500 silly packumentCache full:https://registry.npmjs.org/@emnapi%2fruntime cache-miss
501 http fetch GET 200 https://registry.npmjs.org/@napi-rs%2fwasm-runtime 34ms (cache miss)
502 silly packumentCache full:https://registry.npmjs.org/@napi-rs%2fwasm-runtime set size:undefined disposed:false
503 http fetch GET 200 https://registry.npmjs.org/@emnapi%2fcore 34ms (cache miss)
504 silly packumentCache full:https://registry.npmjs.org/@emnapi%2fcore set size:undefined disposed:false
505 http fetch GET 200 https://registry.npmjs.org/@emnapi%2fruntime 35ms (cache miss)
506 silly packumentCache full:https://registry.npmjs.org/@emnapi%2fruntime set size:undefined disposed:false
507 silly placeDep ROOT @emnapi/core@1.10.0 OK for: @rolldown/binding-wasm32-wasi@1.0.1 want: 1.10.0
508 silly placeDep ROOT @emnapi/runtime@1.10.0 OK for: @rolldown/binding-wasm32-wasi@1.0.1 want: 1.10.0
509 silly placeDep ROOT @napi-rs/wasm-runtime@1.1.4 OK for: @rolldown/binding-wasm32-wasi@1.0.1 want: ^1.1.4
510 silly fetch manifest @emnapi/wasi-threads@1.2.1
511 silly packumentCache full:https://registry.npmjs.org/@emnapi%2fwasi-threads cache-miss
512 silly fetch manifest @tybys/wasm-util@^0.10.1
513 silly packumentCache full:https://registry.npmjs.org/@tybys%2fwasm-util cache-miss
514 http fetch GET 200 https://registry.npmjs.org/@tybys%2fwasm-util 30ms (cache miss)
515 silly packumentCache full:https://registry.npmjs.org/@tybys%2fwasm-util set size:undefined disposed:false
516 http fetch GET 200 https://registry.npmjs.org/@emnapi%2fwasi-threads 36ms (cache miss)
517 silly packumentCache full:https://registry.npmjs.org/@emnapi%2fwasi-threads set size:undefined disposed:false
518 silly placeDep ROOT @emnapi/wasi-threads@1.2.1 OK for: @emnapi/core@1.10.0 want: 1.2.1
519 silly placeDep ROOT @tybys/wasm-util@0.10.2 OK for: @napi-rs/wasm-runtime@1.1.4 want: ^0.10.1
520 silly placeDep ROOT nanoid@3.3.12 REPLACE for: postcss@8.5.14 want: ^3.3.11
521 silly placeDep ROOT picocolors@1.1.1 REPLACE for: postcss@8.5.14 want: ^1.1.1
522 silly placeDep ROOT source-map-js@1.2.1 REPLACE for: postcss@8.5.14 want: ^1.2.1
523 silly reify mark retired [ '/private/tmp/founderpet/node_modules/@jridgewell/sourcemap-codec' ]
524 silly reify mark retired [ '/private/tmp/founderpet/node_modules/detect-libc' ]
525 silly reify mark retired [ '/private/tmp/founderpet/node_modules/fsevents' ]
526 silly reify mark retired [
526 silly reify   '/private/tmp/founderpet/node_modules/nanoid',
526 silly reify   '/private/tmp/founderpet/node_modules/.bin/nanoid'
526 silly reify ]
527 silly reify mark retired [ '/private/tmp/founderpet/node_modules/picocolors' ]
528 silly reify mark retired [ '/private/tmp/founderpet/node_modules/source-map-js' ]
529 silly reify mark retired [ '/private/tmp/founderpet/node_modules/yaml' ]
530 silly reify moves {
530 silly reify   '/private/tmp/founderpet/node_modules/@jridgewell/sourcemap-codec': '/private/tmp/founderpet/node_modules/@jridgewell/.sourcemap-codec-Nx69Kzhr',
530 silly reify   '/private/tmp/founderpet/node_modules/detect-libc': '/private/tmp/founderpet/node_modules/.detect-libc-sXo5BCki',
530 silly reify   '/private/tmp/founderpet/node_modules/fsevents': '/private/tmp/founderpet/node_modules/.fsevents-ChgrXVqr',
530 silly reify   '/private/tmp/founderpet/node_modules/nanoid': '/private/tmp/founderpet/node_modules/.nanoid-DkdxPUCM',
530 silly reify   '/private/tmp/founderpet/node_modules/.bin/nanoid': '/private/tmp/founderpet/node_modules/.bin/.nanoid-ODUFYTQ5',
530 silly reify   '/private/tmp/founderpet/node_modules/picocolors': '/private/tmp/founderpet/node_modules/.picocolors-pNIDGo7L',
530 silly reify   '/private/tmp/founderpet/node_modules/source-map-js': '/private/tmp/founderpet/node_modules/.source-map-js-rg64mbOi',
530 silly reify   '/private/tmp/founderpet/node_modules/yaml': '/private/tmp/founderpet/node_modules/.yaml-VsPEt5UZ'
530 silly reify }
531 silly audit bulk request {
531 silly audit   '@alloc/quick-lru': [ '5.2.0' ],
531 silly audit   '@anthropic-ai/sdk': [ '0.9.1' ],
531 silly audit   '@types/node': [ '18.18.14', '16.18.6', '20.2.5' ],
531 silly audit   '@types/node-fetch': [ '2.6.9', '2.6.2' ],
531 silly audit   'form-data': [ '4.0.0', '3.0.1' ],
531 silly audit   '@babel/runtime': [ '7.29.2' ],
531 silly audit   '@clerk/backend': [ '0.29.0' ],
531 silly audit   tslib: [ '2.4.1', '2.6.2', '1.14.1' ],
531 silly audit   '@clerk/clerk-react': [ '4.24.2' ],
531 silly audit   '@clerk/clerk-sdk-node': [ '4.12.5' ],
531 silly audit   'snakecase-keys': [ '3.2.1', '5.4.4' ],
531 silly audit   '@clerk/nextjs': [ '4.23.5' ],
531 silly audit   '@clerk/shared': [ '0.22.0' ],
531 silly audit   '@clerk/types': [ '3.51.0' ],
531 silly audit   csstype: [ '3.1.1', '3.1.2' ],
531 silly audit   '@dimforge/rapier3d-compat': [ '0.12.0' ],
531 silly audit   '@eslint-community/eslint-utils': [ '4.4.0' ],
531 silly audit   '@eslint-community/regexpp': [ '4.5.1' ],
531 silly audit   '@eslint/eslintrc': [ '2.0.3' ],
531 silly audit   '@eslint/js': [ '8.42.0' ],
531 silly audit   '@floating-ui/core': [ '1.3.1' ],
531 silly audit   '@floating-ui/dom': [ '1.4.3' ],
531 silly audit   '@flydotio/dockerfile': [ '0.2.14' ],
531 silly audit   chalk: [ '5.2.0', '4.1.2' ],
531 silly audit   '@headlessui/react': [ '1.7.15' ],
531 silly audit   '@humanwhocodes/config-array': [ '0.11.10' ],
531 silly audit   '@humanwhocodes/module-importer': [ '1.0.1' ],
531 silly audit   '@humanwhocodes/object-schema': [ '1.2.1' ],
531 silly audit   '@jridgewell/gen-mapping': [ '0.3.3' ],
531 silly audit   '@jridgewell/resolve-uri': [ '3.1.0' ],
531 silly audit   '@jridgewell/set-array': [ '1.1.2' ],
531 silly audit   '@jridgewell/sourcemap-codec': [ '1.4.14', '1.5.5' ],
531 silly audit   '@jridgewell/trace-mapping': [ '0.3.18' ],
531 silly audit   '@langchain/core': [ '0.0.2' ],
531 silly audit   'ansi-styles': [ '5.2.0', '4.3.0' ],
531 silly audit   camelcase: [ '6.3.0', '5.3.1' ],
531 silly audit   commander: [ '10.0.1', '4.1.1' ],
531 silly audit   langsmith: [ '0.0.48', '0.0.49' ],
531 silly audit   zod: [ '3.22.4', '3.21.4' ],
531 silly audit   '@mediapipe/tasks-vision': [ '0.10.17' ],
531 silly audit   '@monogrid/gainmap-js': [ '3.4.0' ],
531 silly audit   '@next/env': [ '13.4.4' ],
531 silly audit   '@next/eslint-plugin-next': [ '13.4.4' ],
531 silly audit   '@next/swc-darwin-arm64': [ '13.4.4' ],
531 silly audit   '@next/swc-darwin-x64': [ '13.4.4' ],
531 silly audit   '@next/swc-linux-arm64-gnu': [ '13.4.4' ],
531 silly audit   '@next/swc-linux-arm64-musl': [ '13.4.4' ],
531 silly audit   '@next/swc-linux-x64-gnu': [ '13.4.4' ],
531 silly audit   '@next/swc-linux-x64-musl': [ '13.4.4' ],
531 silly audit   '@next/swc-win32-arm64-msvc': [ '13.4.4' ],
531 silly audit   '@next/swc-win32-ia32-msvc': [ '13.4.4' ],
531 silly audit   '@next/swc-win32-x64-msvc': [ '13.4.4' ],
531 silly audit   '@nodelib/fs.scandir': [ '2.1.5' ],
531 silly audit   '@nodelib/fs.stat': [ '2.0.5' ],
531 silly audit   '@nodelib/fs.walk': [ '1.2.8' ],
531 silly audit   '@peculiar/asn1-schema': [ '2.3.6' ],
531 silly audit   '@peculiar/json-schema': [ '1.1.12' ],
531 silly audit   '@peculiar/webcrypto': [ '1.4.1' ],
531 silly audit   '@pkgr/utils': [ '2.4.1' ],
531 silly audit   '@protobufjs/aspromise': [ '1.1.2' ],
531 silly audit   '@protobufjs/base64': [ '1.1.2' ],
531 silly audit   '@protobufjs/codegen': [ '2.0.4' ],
531 silly audit   '@protobufjs/eventemitter': [ '1.1.0' ],
531 silly audit   '@protobufjs/fetch': [ '1.1.0' ],
531 silly audit   '@protobufjs/float': [ '1.0.2' ],
531 silly audit   '@protobufjs/inquire': [ '1.1.0' ],
531 silly audit   '@protobufjs/path': [ '1.1.2' ],
531 silly audit   '@protobufjs/pool': [ '1.1.0' ],
531 silly audit   '@protobufjs/utf8': [ '1.1.0' ],
531 silly audit   '@radix-ui/react-avatar': [ '1.0.4' ],
531 silly audit   '@radix-ui/react-compose-refs': [ '1.0.1' ],
531 silly audit   '@radix-ui/react-context': [ '1.0.1' ],
531 silly audit   '@radix-ui/react-icons': [ '1.3.0' ],
531 silly audit   '@radix-ui/react-primitive': [ '1.0.3' ],
531 silly audit   '@radix-ui/react-slot': [ '1.0.2' ],
531 silly audit   '@radix-ui/react-use-callback-ref': [ '1.0.1' ],
531 silly audit   '@radix-ui/react-use-layout-effect': [ '1.0.1' ],
531 silly audit   '@react-spring/animated': [ '9.7.5' ],
531 silly audit   '@react-spring/core': [ '9.7.5' ],
531 silly audit   '@react-spring/rafz': [ '9.7.5' ],
531 silly audit   '@react-spring/shared': [ '9.7.5' ],
531 silly audit   '@react-spring/three': [ '9.7.5' ],
531 silly audit   '@react-spring/types': [ '9.7.5' ],
531 silly audit   '@react-three/drei': [ '9.122.0' ],
531 silly audit   '@react-three/fiber': [ '8.18.0' ],
531 silly audit   buffer: [ '6.0.3', '5.7.1' ],
531 silly audit   scheduler: [ '0.21.0', '0.23.0' ],
531 silly audit   zustand: [ '3.7.2', '4.5.7', '5.0.13' ],
531 silly audit   '@rushstack/eslint-patch': [ '1.3.0' ],
531 silly audit   '@supabase/functions-js': [ '2.1.2' ],
531 silly audit   '@supabase/gotrue-js': [ '2.30.0' ],
531 silly audit   '@supabase/postgrest-js': [ '1.7.1' ],
531 silly audit   '@supabase/realtime-js': [ '2.7.3' ],
531 silly audit   '@supabase/storage-js': [ '2.5.1' ],
531 silly audit   '@supabase/supabase-js': [ '2.25.0' ],
531 silly audit   '@swc/helpers': [ '0.5.1' ],
531 silly audit   '@tailwindcss/forms': [ '0.5.3' ],
531 silly audit   '@tweenjs/tween.js': [ '23.1.3' ],
531 silly audit   '@types/body-parser': [ '1.19.2' ],
531 silly audit   '@types/connect': [ '3.4.36' ],
531 silly audit   '@types/cookies': [ '0.7.7' ],
531 silly audit   '@types/draco3d': [ '1.4.10' ],
531 silly audit   '@types/express': [ '4.17.14' ],
531 silly audit   '@types/express-serve-static-core': [ '4.17.36' ],
531 silly audit   '@types/http-errors': [ '2.0.1' ],
531 silly audit   '@types/json5': [ '0.0.29' ],
531 silly audit   '@types/keygrip': [ '1.0.2' ],
531 silly audit   '@types/long': [ '4.0.2' ],
531 silly audit   '@types/mime': [ '1.3.2' ],
531 silly audit   '@types/offscreencanvas': [ '2019.7.3' ],
531 silly audit   '@types/phoenix': [ '1.6.0' ],
531 silly audit   '@types/prop-types': [ '15.7.5' ],
531 silly audit   '@types/qs': [ '6.9.8' ],
531 silly audit   '@types/range-parser': [ '1.2.4' ],
531 silly audit   '@types/react': [ '18.2.8' ],
531 silly audit   '@types/react-dom': [ '18.2.4' ],
531 silly audit   '@types/react-reconciler': [ '0.26.7', '0.28.9' ],
531 silly audit   '@types/retry': [ '0.12.0' ],
531 silly audit   '@types/scheduler': [ '0.16.3' ],
531 silly audit   '@types/send': [ '0.17.1' ],
531 silly audit   '@types/serve-static': [ '1.15.2' ],
531 silly audit   '@types/stats.js': [ '0.17.4' ],
531 silly audit   '@types/three': [ '0.184.1' ],
531 silly audit   '@types/uuid': [ '9.0.7' ],
531 silly audit   '@types/websocket': [ '1.0.5' ],
531 silly audit   '@types/webxr': [ '0.5.24' ],
531 silly audit   '@typescript-eslint/parser': [ '5.59.9' ],
531 silly audit   '@typescript-eslint/scope-manager': [ '5.59.9' ],
531 silly audit   '@typescript-eslint/types': [ '5.59.9' ],
531 silly audit   '@typescript-eslint/typescript-estree': [ '5.59.9' ],
531 silly audit   '@typescript-eslint/visitor-keys': [ '5.59.9' ],
531 silly audit   '@upstash/redis': [ '1.21.0' ],
531 silly audit   '@use-gesture/core': [ '10.3.1' ],
531 silly audit   '@use-gesture/react': [ '10.3.1' ],
531 silly audit   '@xenova/transformers': [ '2.8.0' ],
531 silly audit   'abort-controller': [ '3.0.0' ],
531 silly audit   acorn: [ '8.8.2' ],
531 silly audit   'acorn-jsx': [ '5.3.2' ],
531 silly audit   agentkeepalive: [ '4.5.0' ],
531 silly audit   ajv: [ '6.12.6' ],
531 silly audit   'ansi-regex': [ '5.0.1', '4.1.1' ],
531 silly audit   'any-promise': [ '1.3.0' ],
531 silly audit   anymatch: [ '3.1.3' ],
531 silly audit   arg: [ '5.0.2' ],
531 silly audit   argparse: [ '2.0.1' ],
531 silly audit   'aria-query': [ '5.1.3' ],
531 silly audit   'array-buffer-byte-length': [ '1.0.0' ],
531 silly audit   'array-includes': [ '3.1.6' ],
531 silly audit   'array-union': [ '2.1.0' ],
531 silly audit   'array.prototype.flat': [ '1.3.1' ],
531 silly audit   'array.prototype.flatmap': [ '1.3.1' ],
531 silly audit   'array.prototype.tosorted': [ '1.1.1' ],
531 silly audit   asn1js: [ '3.0.5' ],
531 silly audit   'ast-types-flow': [ '0.0.7' ],
531 silly audit   async: [ '3.2.4' ],
531 silly audit   asynckit: [ '0.4.0' ],
531 silly audit   autoprefixer: [ '10.4.14' ],
531 silly audit   'available-typed-arrays': [ '1.0.5' ],
531 silly audit   'axe-core': [ '4.7.2' ],
531 silly audit   'axobject-query': [ '3.1.1' ],
531 silly audit   b4a: [ '1.6.4' ],
531 silly audit   'balanced-match': [ '1.0.2' ],
531 silly audit   'base-64': [ '0.1.0' ],
531 silly audit   'base64-js': [ '1.5.1' ],
531 silly audit   'bidi-js': [ '1.0.3' ],
531 silly audit   'big-integer': [ '1.6.51' ],
531 silly audit   'binary-extensions': [ '2.2.0' ],
531 silly audit   'binary-search': [ '1.3.6' ],
531 silly audit   bindings: [ '1.5.0' ],
531 silly audit   bl: [ '4.1.0' ],
531 silly audit   'bplist-parser': [ '0.2.0' ],
531 silly audit   'brace-expansion': [ '1.1.11', '2.0.1' ],
531 silly audit   braces: [ '3.0.2' ],
531 silly audit   browserslist: [ '4.21.7' ],
531 silly audit   bufferutil: [ '4.0.7' ],
531 silly audit   'bundle-name': [ '3.0.0' ],
531 silly audit   busboy: [ '1.6.0' ],
531 silly audit   'call-bind': [ '1.0.2' ],
531 silly audit   callsites: [ '3.1.0' ],
531 silly audit   'camelcase-css': [ '2.0.1' ],
531 silly audit   'camelcase-keys': [ '6.2.2' ],
531 silly audit   'camera-controls': [ '2.10.1' ],
531 silly audit   'caniuse-lite': [ '1.0.30001495' ],
531 silly audit   canonicalize: [ '1.0.8' ],
531 silly audit   charenc: [ '0.0.2' ],
531 silly audit   chokidar: [ '3.5.3' ],
531 silly audit   'glob-parent': [ '5.1.2', '6.0.2' ],
531 silly audit   chownr: [ '1.1.4' ],
531 silly audit   'class-variance-authority': [ '0.7.0' ],
531 silly audit   classnames: [ '2.3.2' ],
531 silly audit   'client-only': [ '0.0.1' ],
531 silly audit   cliui: [ '8.0.1' ],
531 silly audit   clsx: [ '2.0.0' ],
531 silly audit   color: [ '4.2.3' ],
531 silly audit   'color-convert': [ '2.0.1' ],
531 silly audit   'color-name': [ '1.1.4' ],
531 silly audit   'color-string': [ '1.9.1' ],
531 silly audit   'combined-stream': [ '1.0.8' ],
531 silly audit   'concat-map': [ '0.0.1' ],
531 silly audit   consola: [ '3.2.3' ],
531 silly audit   cookie: [ '0.5.0' ],
531 silly audit   'cookie-es': [ '1.0.0' ],
531 silly audit   'cross-env': [ '7.0.3' ],
531 silly audit   'cross-fetch': [ '3.1.6', '4.0.0' ],
531 silly audit   'cross-spawn': [ '7.0.3' ],
531 silly audit   crypt: [ '0.0.2' ],
531 silly audit   cssesc: [ '3.0.0' ],
531 silly audit   d: [ '1.0.1' ],
531 silly audit   'damerau-levenshtein': [ '1.0.8' ],
531 silly audit   debug: [ '4.3.4', '3.2.7', '2.6.9' ],
531 silly audit   decamelize: [ '1.2.0' ],
531 silly audit   'decompress-response': [ '6.0.0' ],
531 silly audit   'deep-equal': [ '2.2.1' ],
531 silly audit   'deep-extend': [ '0.6.0' ],
531 silly audit   'deep-is': [ '0.1.4' ],
531 silly audit   deepmerge: [ '4.2.2' ],
531 silly audit   'default-browser': [ '4.0.0' ],
531 silly audit   'default-browser-id': [ '3.0.0' ],
531 silly audit   'define-lazy-prop': [ '3.0.0' ],
531 silly audit   'define-properties': [ '1.2.0' ],
531 silly audit   defu: [ '6.1.3' ],
531 silly audit   'delayed-stream': [ '1.0.0' ],
531 silly audit   destr: [ '2.0.2' ],
531 silly audit   'detect-gpu': [ '5.0.70' ],
531 silly audit   didyoumean: [ '1.2.2' ],
531 silly audit   diff: [ '5.1.0' ],
531 silly audit   'digest-fetch': [ '1.3.0' ],
531 silly audit   'dir-glob': [ '3.0.1' ],
531 silly audit   dlv: [ '1.1.3' ],
531 silly audit   doctrine: [ '3.0.0', '2.1.0' ],
531 silly audit   'dot-case': [ '3.0.4' ],
531 silly audit   dotenv: [ '16.1.4' ],
531 silly audit   draco3d: [ '1.5.7' ],
531 silly audit   ejs: [ '3.1.9' ],
531 silly audit   'electron-to-chromium': [ '1.4.423' ],
531 silly audit   'emoji-regex': [ '9.2.2', '8.0.0' ],
531 silly audit   'end-of-stream': [ '1.4.4' ],
531 silly audit   'enhanced-resolve': [ '5.14.1' ],
531 silly audit   'es-abstract': [ '1.21.2' ],
531 silly audit   'es-get-iterator': [ '1.1.3' ],
531 silly audit   'es-set-tostringtag': [ '2.0.1' ],
531 silly audit   'es-shim-unscopables': [ '1.0.0' ],
531 silly audit   'es-to-primitive': [ '1.2.1' ],
531 silly audit   'es5-ext': [ '0.10.62' ],
531 silly audit   'es6-iterator': [ '2.0.3' ],
531 silly audit   'es6-symbol': [ '3.1.3' ],
531 silly audit   escalade: [ '3.1.1' ],
531 silly audit   'escape-string-regexp': [ '4.0.0' ],
531 silly audit   eslint: [ '8.42.0' ],
531 silly audit   'eslint-config-next': [ '13.4.4' ],
531 silly audit   'eslint-import-resolver-node': [ '0.3.7' ],
531 silly audit   'eslint-import-resolver-typescript': [ '3.5.5' ],
531 silly audit   globby: [ '13.1.4', '11.1.0' ],
531 silly audit   slash: [ '4.0.0', '3.0.0' ],
531 silly audit   'eslint-module-utils': [ '2.8.0' ],
531 silly audit   'eslint-plugin-import': [ '2.27.5' ],
531 silly audit   semver: [ '6.3.0', '7.5.4' ],
531 silly audit   'eslint-plugin-jsx-a11y': [ '6.7.1' ],
531 silly audit   'eslint-plugin-react': [ '7.32.2' ],
531 silly audit   'eslint-plugin-react-hooks': [ '4.6.0' ],
531 silly audit   resolve: [ '2.0.0-next.4', '1.22.2' ],
531 silly audit   'eslint-scope': [ '7.2.0' ],
531 silly audit   'eslint-visitor-keys': [ '3.4.1' ],
531 silly audit   espree: [ '9.5.2' ],
531 silly audit   esquery: [ '1.5.0' ],
531 silly audit   esrecurse: [ '4.3.0' ],
531 silly audit   estraverse: [ '5.3.0' ],
531 silly audit   esutils: [ '2.0.3' ],
531 silly audit   'event-target-shim': [ '5.0.1' ],
531 silly audit   eventemitter3: [ '4.0.7' ],
531 silly audit   execa: [ '7.1.1', '5.1.1' ],
531 silly audit   'expand-template': [ '2.0.3' ],
531 silly audit   'expr-eval': [ '2.0.2' ],
531 silly audit   ext: [ '1.7.0' ],
531 silly audit   type: [ '2.7.2', '1.2.0' ],
531 silly audit   'fast-deep-equal': [ '3.1.3' ],
531 silly audit   'fast-fifo': [ '1.3.2' ],
531 silly audit   'fast-glob': [ '3.2.12' ],
531 silly audit   'fast-json-stable-stringify': [ '2.1.0' ],
531 silly audit   'fast-levenshtein': [ '2.0.6' ],
531 silly audit   fastq: [ '1.15.0' ],
531 silly audit   fflate: [ '0.8.3', '0.6.10' ],
531 silly audit   'file-entry-cache': [ '6.0.1' ],
531 silly audit   'file-uri-to-path': [ '1.0.0' ],
531 silly audit   filelist: [ '1.0.4' ],
531 silly audit   minimatch: [ '5.1.6', '3.1.2' ],
531 silly audit   'fill-range': [ '7.0.1' ],
531 silly audit   'find-up': [ '5.0.0' ],
531 silly audit   flat: [ '5.0.2' ],
531 silly audit   'flat-cache': [ '3.0.4' ],
531 silly audit   flatbuffers: [ '1.12.0' ],
531 silly audit   flatted: [ '3.2.7' ],
531 silly audit   'for-each': [ '0.3.3' ],
531 silly audit   'form-data-encoder': [ '1.7.2' ],
531 silly audit   'formdata-node': [ '4.4.1' ],
531 silly audit   'web-streams-polyfill': [ '4.0.0-beta.3', '3.2.1' ],
531 silly audit   'fraction.js': [ '4.2.0' ],
531 silly audit   'fs-constants': [ '1.0.0' ],
531 silly audit   'fs.realpath': [ '1.0.0' ],
531 silly audit   'function-bind': [ '1.1.1' ],
531 silly audit   'function.prototype.name': [ '1.1.5' ],
531 silly audit   'functions-have-names': [ '1.2.3' ],
531 silly audit   'get-caller-file': [ '2.0.5' ],
531 silly audit   'get-intrinsic': [ '1.2.1' ],
531 silly audit   'get-stream': [ '6.0.1' ],
531 silly audit   'get-symbol-description': [ '1.0.0' ],
531 silly audit   'get-tsconfig': [ '4.6.0' ],
531 silly audit   'github-buttons': [ '2.27.0' ],
531 silly audit   'github-from-package': [ '0.0.0' ],
531 silly audit   glob: [ '7.1.7', '7.1.6' ],
531 silly audit   'glob-to-regexp': [ '0.4.1' ],
531 silly audit   globals: [ '13.20.0' ],
531 silly audit   globalthis: [ '1.0.3' ],
531 silly audit   'glsl-noise': [ '0.0.0' ],
531 silly audit   gopd: [ '1.0.1' ],
531 silly audit   'graceful-fs': [ '4.2.11' ],
531 silly audit   graphemer: [ '1.4.0' ],
531 silly audit   'guid-typescript': [ '1.0.9' ],
531 silly audit   h3: [ '1.8.2' ],
531 silly audit   has: [ '1.0.3' ],
531 silly audit   'has-bigints': [ '1.0.2' ],
531 silly audit   'has-flag': [ '4.0.0' ],
531 silly audit   'has-property-descriptors': [ '1.0.0' ],
531 silly audit   'has-proto': [ '1.0.1' ],
531 silly audit   'has-symbols': [ '1.0.3' ],
531 silly audit   'has-tostringtag': [ '1.0.0' ],
531 silly audit   'hash.js': [ '1.1.7' ],
531 silly audit   'hls.js': [ '1.6.16' ],
531 silly audit   'hnswlib-node': [ '1.4.2' ],
531 silly audit   'human-signals': [ '4.3.1', '2.1.0' ],
531 silly audit   'humanize-ms': [ '1.2.1' ],
531 silly audit   ieee754: [ '1.2.1' ],
531 silly audit   ignore: [ '5.2.4' ],
531 silly audit   immediate: [ '3.0.6' ],
531 silly audit   'import-fresh': [ '3.3.0' ],
531 silly audit   imurmurhash: [ '0.1.4' ],
531 silly audit   inflight: [ '1.0.6' ],
531 silly audit   inherits: [ '2.0.4' ],
531 silly audit   ini: [ '1.3.8' ],
531 silly audit   inngest: [ '3.6.0' ],
531 silly audit   ms: [ '2.1.3', '2.1.2', '2.0.0' ],
531 silly audit   'strip-ansi': [ '5.2.0', '6.0.1' ],
531 silly audit   'type-fest': [ '3.13.1', '2.19.0', '0.20.2' ],
531 silly audit   'internal-slot': [ '1.0.5' ],
531 silly audit   'iron-webcrypto': [ '0.10.1' ],
531 silly audit   'is-any-array': [ '2.0.1' ],
531 silly audit   'is-arguments': [ '1.1.1' ],
531 silly audit   'is-array-buffer': [ '3.0.2' ],
531 silly audit   'is-arrayish': [ '0.3.2' ],
531 silly audit   'is-bigint': [ '1.0.4' ],
531 silly audit   'is-binary-path': [ '2.1.0' ],
531 silly audit   'is-boolean-object': [ '1.1.2' ],
531 silly audit   'is-buffer': [ '1.1.6' ],
531 silly audit   'is-callable': [ '1.2.7' ],
531 silly audit   'is-core-module': [ '2.12.1' ],
531 silly audit   'is-date-object': [ '1.0.5' ],
531 silly audit   'is-docker': [ '3.0.0', '2.2.1' ],
531 silly audit   'is-extglob': [ '2.1.1' ],
531 silly audit   'is-fullwidth-code-point': [ '3.0.0' ],
531 silly audit   'is-glob': [ '4.0.3' ],
531 silly audit   'is-inside-container': [ '1.0.0' ],
531 silly audit   'is-map': [ '2.0.2' ],
531 silly audit   'is-negative-zero': [ '2.0.2' ],
531 silly audit   'is-number': [ '7.0.0' ],
531 silly audit   'is-number-object': [ '1.0.7' ],
531 silly audit   'is-path-inside': [ '3.0.3' ],
531 silly audit   'is-promise': [ '2.2.2' ],
531 silly audit   'is-regex': [ '1.1.4' ],
531 silly audit   'is-set': [ '2.0.2' ],
531 silly audit   'is-shared-array-buffer': [ '1.0.2' ],
531 silly audit   'is-stream': [ '3.0.0', '2.0.1' ],
531 silly audit   'is-string': [ '1.0.7' ],
531 silly audit   'is-symbol': [ '1.0.4' ],
531 silly audit   'is-typed-array': [ '1.1.10' ],
531 silly audit   'is-typedarray': [ '1.0.0' ],
531 silly audit   'is-weakmap': [ '2.0.1' ],
531 silly audit   'is-weakref': [ '1.0.2' ],
531 silly audit   'is-weakset': [ '2.0.2' ],
531 silly audit   'is-wsl': [ '2.2.0' ],
531 silly audit   isarray: [ '2.0.5' ],
531 silly audit   isexe: [ '2.0.0' ],
531 silly audit   'isomorphic-fetch': [ '3.0.0' ],
531 silly audit   'its-fine': [ '1.2.5' ],
531 silly audit   jake: [ '10.8.7' ],
531 silly audit   jiti: [ '1.18.2', '2.7.0' ],
531 silly audit   'js-cookie': [ '3.0.1' ],
531 silly audit   'js-tiktoken': [ '1.0.7' ],
531 silly audit   'js-tokens': [ '4.0.0' ],
531 silly audit   'js-yaml': [ '4.1.0' ],
531 silly audit   'json-schema-traverse': [ '0.4.1' ],
531 silly audit   'json-stable-stringify-without-jsonify': [ '1.0.1' ],
531 silly audit   'json-stringify-safe': [ '5.0.1' ],
531 silly audit   json5: [ '1.0.2' ],
531 silly audit   jsonpointer: [ '5.0.1' ],
531 silly audit   'jsx-ast-utils': [ '3.3.3' ],
531 silly audit   langchain: [ '0.0.198' ],
531 silly audit   langchainhub: [ '0.0.6' ],
531 silly audit   'language-subtag-registry': [ '0.3.22' ],
531 silly audit   'language-tags': [ '1.0.5' ],
531 silly audit   levn: [ '0.4.1' ],
531 silly audit   lie: [ '3.3.0' ],
531 silly audit   lilconfig: [ '2.1.0' ],
531 silly audit   'lines-and-columns': [ '1.2.4' ],
531 silly audit   'locate-path': [ '6.0.0' ],
531 silly audit   'lodash.merge': [ '4.6.2' ],
531 silly audit   long: [ '4.0.0' ],
531 silly audit   'loose-envify': [ '1.4.0' ],
531 silly audit   'lower-case': [ '2.0.2' ],
531 silly audit   'lru-cache': [ '6.0.0' ],
531 silly audit   'lucide-react': [ '0.294.0' ],
531 silly audit   maath: [ '0.10.8' ],
531 silly audit   'map-obj': [ '4.3.0' ],
531 silly audit   md5: [ '2.3.0' ],
531 silly audit   'merge-stream': [ '2.0.0' ],
531 silly audit   merge2: [ '1.4.1' ],
531 silly audit   meshline: [ '3.3.1' ],
531 silly audit   meshoptimizer: [ '1.1.1' ],
531 silly audit   micromatch: [ '4.0.5' ],
531 silly audit   mime: [ '3.0.0' ],
531 silly audit   'mime-db': [ '1.52.0' ],
531 silly audit   'mime-types': [ '2.1.35' ],
531 silly audit   'mimic-fn': [ '4.0.0', '2.1.0' ],
531 silly audit   'mimic-response': [ '3.1.0' ],
531 silly audit   'mini-svg-data-uri': [ '1.4.4' ],
531 silly audit   'minimalistic-assert': [ '1.0.1' ],
531 silly audit   minimist: [ '1.2.8' ],
531 silly audit   'mkdirp-classic': [ '0.5.3' ],
531 silly audit   'ml-array-mean': [ '1.1.6' ],
531 silly audit   'ml-array-sum': [ '1.1.6' ],
531 silly audit   'ml-distance': [ '4.0.1' ],
531 silly audit   'ml-distance-euclidean': [ '2.0.0' ],
531 silly audit   'ml-tree-similarity': [ '1.0.0' ],
531 silly audit   mz: [ '2.7.0' ],
531 silly audit   'napi-build-utils': [ '1.0.2' ],
531 silly audit   'natural-compare': [ '1.4.0' ],
531 silly audit   next: [ '13.4.4' ],
531 silly audit   'next-tick': [ '1.1.0' ],
531 silly audit   postcss: [ '8.4.14', '8.4.24', '8.5.14' ],
531 silly audit   'no-case': [ '3.0.4' ],
531 silly audit   'node-abi': [ '3.51.0' ],
531 silly audit   'node-addon-api': [ '6.1.0' ],
531 silly audit   'node-domexception': [ '1.0.0' ],
531 silly audit   'node-fetch': [ '2.7.0' ],
531 silly audit   'node-fetch-native': [ '1.0.1', '1.4.1' ],
531 silly audit   'node-gyp-build': [ '4.6.0' ],
531 silly audit   'node-releases': [ '2.0.12' ],
531 silly audit   'normalize-path': [ '3.0.0' ],
531 silly audit   'normalize-range': [ '0.1.2' ],
531 silly audit   'npm-run-path': [ '5.1.0', '4.0.1' ],
531 silly audit   'path-key': [ '4.0.0', '3.1.1' ],
531 silly audit   'num-sort': [ '2.1.0' ],
531 silly audit   'object-assign': [ '4.1.1' ],
531 silly audit   'object-hash': [ '3.0.0' ],
531 silly audit   'object-inspect': [ '1.12.3' ],
531 silly audit   'object-is': [ '1.1.5' ],
531 silly audit   'object-keys': [ '1.1.1' ],
531 silly audit   'object.assign': [ '4.1.4' ],
531 silly audit   'object.entries': [ '1.1.6' ],
531 silly audit   'object.fromentries': [ '2.0.6' ],
531 silly audit   'object.hasown': [ '1.1.2' ],
531 silly audit   'object.values': [ '1.1.6' ],
531 silly audit   once: [ '1.4.0' ],
531 silly audit   onetime: [ '6.0.0', '5.1.2' ],
531 silly audit   'onnx-proto': [ '4.0.4' ],
531 silly audit   'onnxruntime-common': [ '1.14.0' ],
531 silly audit   'onnxruntime-node': [ '1.14.0' ],
531 silly audit   'onnxruntime-web': [ '1.14.0' ],
531 silly audit   open: [ '9.1.0' ],
531 silly audit   openai: [ '4.20.1' ],
531 silly audit   'openapi-types': [ '12.1.3' ],
531 silly audit   optionator: [ '0.9.1' ],
531 silly audit   'p-finally': [ '1.0.0' ],
531 silly audit   'p-limit': [ '3.1.0' ],
531 silly audit   'p-locate': [ '5.0.0' ],
531 silly audit   'p-queue': [ '6.6.2' ],
531 silly audit   'p-retry': [ '4.6.2' ],
531 silly audit   'p-timeout': [ '3.2.0' ],
531 silly audit   'parent-module': [ '1.0.1' ],
531 silly audit   'path-exists': [ '4.0.0' ],
531 silly audit   'path-is-absolute': [ '1.0.1' ],
531 silly audit   'path-parse': [ '1.0.7' ],
531 silly audit   'path-to-regexp': [ '6.2.1' ],
531 silly audit   'path-type': [ '4.0.0' ],
531 silly audit   pathe: [ '1.1.1', '2.0.3' ],
531 silly audit   picomatch: [ '2.3.1', '4.0.4' ],
531 silly audit   pify: [ '2.3.0' ],
531 silly audit   pirates: [ '4.0.5' ],
531 silly audit   platform: [ '1.3.6' ],
531 silly audit   'postcss-import': [ '15.1.0' ],
531 silly audit   'postcss-js': [ '4.0.1' ],
531 silly audit   'postcss-load-config': [ '4.0.1' ],
531 silly audit   'postcss-nested': [ '6.0.1' ],
531 silly audit   'postcss-selector-parser': [ '6.0.13' ],
531 silly audit   'postcss-value-parser': [ '4.2.0' ],
531 silly audit   potpack: [ '1.0.2' ],
531 silly audit   'prebuild-install': [ '7.1.1' ],
531 silly audit   'tar-fs': [ '2.1.1', '3.0.4' ],
531 silly audit   'tar-stream': [ '2.2.0', '3.1.6' ],
531 silly audit   'prelude-ls': [ '1.2.1' ],
531 silly audit   'promise-worker-transferable': [ '1.0.4' ],
531 silly audit   'prop-types': [ '15.8.1' ],
531 silly audit   protobufjs: [ '6.11.4' ],
531 silly audit   pump: [ '3.0.0' ],
531 silly audit   punycode: [ '2.3.0' ],
531 silly audit   pvtsutils: [ '1.3.5' ],
531 silly audit   pvutils: [ '1.1.3' ],
531 silly audit   'queue-microtask': [ '1.2.3' ],
531 silly audit   'queue-tick': [ '1.0.1' ],
531 silly audit   'quick-lru': [ '4.0.1' ],
531 silly audit   radix3: [ '1.1.0' ],
531 silly audit   rc: [ '1.2.8' ],
531 silly audit   'strip-json-comments': [ '2.0.1', '3.1.1' ],
531 silly audit   react: [ '18.2.0' ],
531 silly audit   'react-composer': [ '5.0.3' ],
531 silly audit   'react-dom': [ '18.2.0' ],
531 silly audit   'react-github-btn': [ '1.4.0' ],
531 silly audit   'react-icons': [ '4.12.0' ],
531 silly audit   'react-is': [ '16.13.1' ],
531 silly audit   'react-reconciler': [ '0.27.0' ],
531 silly audit   'react-tooltip': [ '5.16.1' ],
531 silly audit   'react-use-measure': [ '2.1.7' ],
531 silly audit   'read-cache': [ '1.0.0' ],
531 silly audit   'readable-stream': [ '3.6.2' ],
531 silly audit   readdirp: [ '3.6.0' ],
531 silly audit   'regexp.prototype.flags': [ '1.5.0' ],
531 silly audit   replicate: [ '0.18.1' ],
531 silly audit   'require-directory': [ '2.1.1' ],
531 silly audit   'require-from-string': [ '2.0.2' ],
531 silly audit   'resolve-from': [ '4.0.0' ],
531 silly audit   'resolve-pkg-maps': [ '1.0.0' ],
531 silly audit   retry: [ '0.13.1' ],
531 silly audit   reusify: [ '1.0.4' ],
531 silly audit   rimraf: [ '3.0.2' ],
531 silly audit   'run-applescript': [ '5.0.0' ],
531 silly audit   'strip-final-newline': [ '2.0.0', '3.0.0' ],
531 silly audit   'run-parallel': [ '1.2.0' ],
531 silly audit   'safe-buffer': [ '5.2.1' ],
531 silly audit   'safe-regex-test': [ '1.0.0' ],
531 silly audit   'serialize-error-cjs': [ '0.1.3' ],
531 silly audit   sharp: [ '0.32.6' ],
531 silly audit   'shebang-command': [ '2.0.0' ],
531 silly audit   'shebang-regex': [ '3.0.0' ],
531 silly audit   'shell-quote': [ '1.8.1' ],
531 silly audit   'side-channel': [ '1.0.4' ],
531 silly audit   'signal-exit': [ '3.0.7' ],
531 silly audit   'simple-concat': [ '1.0.1' ],
531 silly audit   'simple-get': [ '4.0.1' ],
531 silly audit   'simple-swizzle': [ '0.2.2' ],
531 silly audit   'snake-case': [ '3.0.4' ],
531 silly audit   'stats-gl': [ '2.4.2' ],
531 silly audit   three: [ '0.170.0', '0.184.0' ],
531 silly audit   'stats.js': [ '0.17.0' ],
531 silly audit   'stop-iteration-iterator': [ '1.0.0' ],
531 silly audit   streamsearch: [ '1.1.0' ],
531 silly audit   streamx: [ '2.15.5' ],
531 silly audit   string_decoder: [ '1.3.0' ],
531 silly audit   'string-width': [ '4.2.3' ],
531 silly audit   'string.prototype.matchall': [ '4.0.8' ],
531 silly audit   'string.prototype.trim': [ '1.2.7' ],
531 silly audit   'string.prototype.trimend': [ '1.0.6' ],
531 silly audit   'string.prototype.trimstart': [ '1.0.6' ],
531 silly audit   'strip-bom': [ '3.0.0' ],
531 silly audit   'styled-jsx': [ '5.1.1' ],
531 silly audit   sucrase: [ '3.32.0' ],
531 silly audit   'supports-color': [ '7.2.0' ],
531 silly audit   'supports-preserve-symlinks-flag': [ '1.0.0' ],
531 silly audit   'suspend-react': [ '0.1.3' ],
531 silly audit   swr: [ '2.2.0' ],
531 silly audit   synckit: [ '0.8.5' ],
531 silly audit   'tailwind-merge': [ '2.1.0' ],
531 silly audit   tailwindcss: [ '3.3.2' ],
531 silly audit   'tailwindcss-animate': [ '1.0.7' ],
531 silly audit   tapable: [ '2.2.1' ],
531 silly audit   'text-table': [ '0.2.0' ],
531 silly audit   thenify: [ '3.3.1' ],
531 silly audit   'thenify-all': [ '1.6.0' ],
531 silly audit   'three-mesh-bvh': [ '0.7.8' ],
531 silly audit   'three-stdlib': [ '2.36.1' ],
531 silly audit   titleize: [ '3.0.0' ],
531 silly audit   'to-no-case': [ '1.0.2' ],
531 silly audit   'to-regex-range': [ '5.0.1' ],
531 silly audit   'to-snake-case': [ '1.0.0' ],
531 silly audit   'to-space-case': [ '1.0.0' ],
531 silly audit   tr46: [ '0.0.3' ],
531 silly audit   'troika-three-text': [ '0.52.4' ],
531 silly audit   'troika-three-utils': [ '0.52.4' ],
531 silly audit   'troika-worker-utils': [ '0.52.0' ],
531 silly audit   'ts-interface-checker': [ '0.1.13' ],
531 silly audit   'ts-md5': [ '1.3.1' ],
531 silly audit   'tsconfig-paths': [ '3.14.2' ],
531 silly audit   tsutils: [ '3.21.0' ],
531 silly audit   'tunnel-agent': [ '0.6.0' ],
531 silly audit   'tunnel-rat': [ '0.1.2' ],
531 silly audit   'type-check': [ '0.4.0' ],
531 silly audit   'typed-array-length': [ '1.0.4' ],
531 silly audit   'typedarray-to-buffer': [ '3.1.5' ],
531 silly audit   typescript: [ '5.1.3' ],
531 silly audit   ufo: [ '1.3.2' ],
531 silly audit   'unbox-primitive': [ '1.0.2' ],
531 silly audit   uncrypto: [ '0.1.3' ],
531 silly audit   'undici-types': [ '5.26.5' ],
531 silly audit   unenv: [ '1.7.4' ],
531 silly audit   untildify: [ '4.0.0' ],
531 silly audit   'update-browserslist-db': [ '1.0.11' ],
531 silly audit   'uri-js': [ '4.4.1' ],
531 silly audit   'use-sync-external-store': [ '1.6.0' ],
531 silly audit   'utf-8-validate': [ '5.0.10' ],
531 silly audit   'util-deprecate': [ '1.0.2' ],
531 silly audit   'utility-types': [ '3.11.0' ],
531 silly audit   uuid: [ '9.0.1' ],
531 silly audit   'webcrypto-core': [ '1.7.7' ],
531 silly audit   'webgl-constants': [ '1.1.1' ],
531 silly audit   'webgl-sdf-generator': [ '1.1.1' ],
531 silly audit   'webidl-conversions': [ '3.0.1' ],
531 silly audit   websocket: [ '1.0.34' ],
531 silly audit   'whatwg-fetch': [ '3.6.2' ],
531 silly audit   'whatwg-url': [ '5.0.0' ],
531 silly audit   which: [ '2.0.2' ],
531 silly audit   'which-boxed-primitive': [ '1.0.2' ],
531 silly audit   'which-collection': [ '1.0.1' ],
531 silly audit   'which-typed-array': [ '1.1.9' ],
531 silly audit   'word-wrap': [ '1.2.3' ],
531 silly audit   'wrap-ansi': [ '7.0.0' ],
531 silly audit   wrappy: [ '1.0.2' ],
531 silly audit   y18n: [ '5.0.8' ],
531 silly audit   yaeti: [ '0.0.6' ],
531 silly audit   yallist: [ '4.0.0' ],
531 silly audit   yargs: [ '17.7.2' ],
531 silly audit   'yargs-parser': [ '21.1.1' ],
531 silly audit   'yocto-queue': [ '0.1.0' ],
531 silly audit   'zod-to-json-schema': [ '3.20.3' ],
531 silly audit   vitest: [ '4.1.6' ],
531 silly audit   '@vitest/expect': [ '4.1.6' ],
531 silly audit   '@vitest/mocker': [ '4.1.6' ],
531 silly audit   '@vitest/pretty-format': [ '4.1.6' ],
531 silly audit   '@vitest/runner': [ '4.1.6' ],
531 silly audit   '@vitest/snapshot': [ '4.1.6' ],
531 silly audit   '@vitest/spy': [ '4.1.6' ],
531 silly audit   '@vitest/utils': [ '4.1.6' ],
531 silly audit   'es-module-lexer': [ '2.1.0' ],
531 silly audit   'expect-type': [ '1.3.0' ],
531 silly audit   'magic-string': [ '0.30.21' ],
531 silly audit   obug: [ '2.1.1' ],
531 silly audit   'std-env': [ '4.1.0' ],
531 silly audit   tinybench: [ '2.9.0' ],
531 silly audit   tinyexec: [ '1.1.2' ],
531 silly audit   tinyglobby: [ '0.2.16' ],
531 silly audit   tinyrainbow: [ '3.1.0' ],
531 silly audit   vite: [ '8.0.13' ],
531 silly audit   yaml: [ '2.9.0' ],
531 silly audit   'why-is-node-running': [ '2.3.0' ],
531 silly audit   '@standard-schema/spec': [ '1.1.0' ],
531 silly audit   '@types/chai': [ '5.2.3' ],
531 silly audit   chai: [ '6.2.2' ],
531 silly audit   '@types/deep-eql': [ '4.0.2' ],
531 silly audit   'assertion-error': [ '2.0.1' ],
531 silly audit   'convert-source-map': [ '2.0.0' ],
531 silly audit   fdir: [ '6.5.0' ],
531 silly audit   siginfo: [ '2.0.0' ],
531 silly audit   stackback: [ '0.0.2' ],
531 silly audit   'estree-walker': [ '3.0.3' ],
531 silly audit   '@types/estree': [ '1.0.9' ],
531 silly audit   fsevents: [ '2.3.3' ],
531 silly audit   lightningcss: [ '1.32.0' ],
531 silly audit   rolldown: [ '1.0.1' ],
531 silly audit   'detect-libc': [ '2.1.2' ],
531 silly audit   'lightningcss-android-arm64': [ '1.32.0' ],
531 silly audit   'lightningcss-darwin-arm64': [ '1.32.0' ],
531 silly audit   'lightningcss-darwin-x64': [ '1.32.0' ],
531 silly audit   'lightningcss-freebsd-x64': [ '1.32.0' ],
531 silly audit   'lightningcss-linux-arm-gnueabihf': [ '1.32.0' ],
531 silly audit   'lightningcss-linux-arm64-gnu': [ '1.32.0' ],
531 silly audit   'lightningcss-linux-arm64-musl': [ '1.32.0' ],
531 silly audit   'lightningcss-linux-x64-gnu': [ '1.32.0' ],
531 silly audit   'lightningcss-linux-x64-musl': [ '1.32.0' ],
531 silly audit   'lightningcss-win32-arm64-msvc': [ '1.32.0' ],
531 silly audit   'lightningcss-win32-x64-msvc': [ '1.32.0' ],
531 silly audit   '@oxc-project/types': [ '0.130.0' ],
531 silly audit   '@rolldown/binding-android-arm64': [ '1.0.1' ],
531 silly audit   '@rolldown/binding-darwin-arm64': [ '1.0.1' ],
531 silly audit   '@rolldown/binding-darwin-x64': [ '1.0.1' ],
531 silly audit   '@rolldown/binding-freebsd-x64': [ '1.0.1' ],
531 silly audit   '@rolldown/binding-linux-arm-gnueabihf': [ '1.0.1' ],
531 silly audit   '@rolldown/binding-linux-arm64-gnu': [ '1.0.1' ],
531 silly audit   '@rolldown/binding-linux-arm64-musl': [ '1.0.1' ],
531 silly audit   '@rolldown/binding-linux-ppc64-gnu': [ '1.0.1' ],
531 silly audit   '@rolldown/binding-linux-s390x-gnu': [ '1.0.1' ],
531 silly audit   '@rolldown/binding-linux-x64-gnu': [ '1.0.1' ],
531 silly audit   '@rolldown/binding-linux-x64-musl': [ '1.0.1' ],
531 silly audit   '@rolldown/binding-openharmony-arm64': [ '1.0.1' ],
531 silly audit   '@rolldown/binding-wasm32-wasi': [ '1.0.1' ],
531 silly audit   '@rolldown/binding-win32-arm64-msvc': [ '1.0.1' ],
531 silly audit   '@rolldown/binding-win32-x64-msvc': [ '1.0.1' ],
531 silly audit   '@rolldown/pluginutils': [ '1.0.1' ],
531 silly audit   '@emnapi/core': [ '1.10.0' ],
531 silly audit   '@emnapi/runtime': [ '1.10.0' ],
531 silly audit   '@napi-rs/wasm-runtime': [ '1.1.4' ],
531 silly audit   '@emnapi/wasi-threads': [ '1.2.1' ],
531 silly audit   '@tybys/wasm-util': [ '0.10.2' ],
531 silly audit   nanoid: [ '3.3.12' ],
531 silly audit   picocolors: [ '1.1.1' ],
531 silly audit   'source-map-js': [ '1.2.1' ]
531 silly audit }
532 verbose reify failed optional dependency /private/tmp/founderpet/node_modules/@rolldown/binding-win32-x64-msvc
533 silly reify mark deleted [
533 silly reify   '/private/tmp/founderpet/node_modules/@rolldown/binding-win32-x64-msvc'
533 silly reify ]
534 verbose reify failed optional dependency /private/tmp/founderpet/node_modules/@rolldown/binding-win32-arm64-msvc
535 silly reify mark deleted [
535 silly reify   '/private/tmp/founderpet/node_modules/@rolldown/binding-win32-arm64-msvc'
535 silly reify ]
536 verbose reify failed optional dependency /private/tmp/founderpet/node_modules/@rolldown/binding-wasm32-wasi
537 silly reify mark deleted [
537 silly reify   '/private/tmp/founderpet/node_modules/@rolldown/binding-wasm32-wasi'
537 silly reify ]
538 verbose reify failed optional dependency /private/tmp/founderpet/node_modules/@napi-rs/wasm-runtime
539 silly reify mark deleted [ '/private/tmp/founderpet/node_modules/@napi-rs/wasm-runtime' ]
540 verbose reify failed optional dependency /private/tmp/founderpet/node_modules/@emnapi/core
541 silly reify mark deleted [ '/private/tmp/founderpet/node_modules/@emnapi/core' ]
542 verbose reify failed optional dependency /private/tmp/founderpet/node_modules/@emnapi/runtime
543 silly reify mark deleted [ '/private/tmp/founderpet/node_modules/@emnapi/runtime' ]
544 verbose reify failed optional dependency /private/tmp/founderpet/node_modules/@tybys/wasm-util
545 silly reify mark deleted [ '/private/tmp/founderpet/node_modules/@tybys/wasm-util' ]
546 verbose reify failed optional dependency /private/tmp/founderpet/node_modules/@emnapi/wasi-threads
547 silly reify mark deleted [ '/private/tmp/founderpet/node_modules/@emnapi/wasi-threads' ]
548 verbose reify failed optional dependency /private/tmp/founderpet/node_modules/@rolldown/binding-openharmony-arm64
549 silly reify mark deleted [
549 silly reify   '/private/tmp/founderpet/node_modules/@rolldown/binding-openharmony-arm64'
549 silly reify ]
550 verbose reify failed optional dependency /private/tmp/founderpet/node_modules/@rolldown/binding-linux-x64-musl
551 silly reify mark deleted [
551 silly reify   '/private/tmp/founderpet/node_modules/@rolldown/binding-linux-x64-musl'
551 silly reify ]
552 verbose reify failed optional dependency /private/tmp/founderpet/node_modules/@rolldown/binding-linux-x64-gnu
553 silly reify mark deleted [
553 silly reify   '/private/tmp/founderpet/node_modules/@rolldown/binding-linux-x64-gnu'
553 silly reify ]
554 verbose reify failed optional dependency /private/tmp/founderpet/node_modules/@rolldown/binding-linux-s390x-gnu
555 silly reify mark deleted [
555 silly reify   '/private/tmp/founderpet/node_modules/@rolldown/binding-linux-s390x-gnu'
555 silly reify ]
556 verbose reify failed optional dependency /private/tmp/founderpet/node_modules/@rolldown/binding-linux-ppc64-gnu
557 silly reify mark deleted [
557 silly reify   '/private/tmp/founderpet/node_modules/@rolldown/binding-linux-ppc64-gnu'
557 silly reify ]
558 verbose reify failed optional dependency /private/tmp/founderpet/node_modules/@rolldown/binding-linux-arm64-musl
559 silly reify mark deleted [
559 silly reify   '/private/tmp/founderpet/node_modules/@rolldown/binding-linux-arm64-musl'
559 silly reify ]
560 verbose reify failed optional dependency /private/tmp/founderpet/node_modules/@rolldown/binding-linux-arm64-gnu
561 silly reify mark deleted [
561 silly reify   '/private/tmp/founderpet/node_modules/@rolldown/binding-linux-arm64-gnu'
561 silly reify ]
562 verbose reify failed optional dependency /private/tmp/founderpet/node_modules/@rolldown/binding-linux-arm-gnueabihf
563 silly reify mark deleted [
563 silly reify   '/private/tmp/founderpet/node_modules/@rolldown/binding-linux-arm-gnueabihf'
563 silly reify ]
564 verbose reify failed optional dependency /private/tmp/founderpet/node_modules/@rolldown/binding-freebsd-x64
565 silly reify mark deleted [
565 silly reify   '/private/tmp/founderpet/node_modules/@rolldown/binding-freebsd-x64'
565 silly reify ]
566 verbose reify failed optional dependency /private/tmp/founderpet/node_modules/@rolldown/binding-darwin-x64
567 silly reify mark deleted [ '/private/tmp/founderpet/node_modules/@rolldown/binding-darwin-x64' ]
568 verbose reify failed optional dependency /private/tmp/founderpet/node_modules/@rolldown/binding-android-arm64
569 silly reify mark deleted [
569 silly reify   '/private/tmp/founderpet/node_modules/@rolldown/binding-android-arm64'
569 silly reify ]
570 verbose reify failed optional dependency /private/tmp/founderpet/node_modules/lightningcss-win32-x64-msvc
571 silly reify mark deleted [ '/private/tmp/founderpet/node_modules/lightningcss-win32-x64-msvc' ]
572 verbose reify failed optional dependency /private/tmp/founderpet/node_modules/lightningcss-win32-arm64-msvc
573 silly reify mark deleted [
573 silly reify   '/private/tmp/founderpet/node_modules/lightningcss-win32-arm64-msvc'
573 silly reify ]
574 verbose reify failed optional dependency /private/tmp/founderpet/node_modules/lightningcss-linux-x64-musl
575 silly reify mark deleted [ '/private/tmp/founderpet/node_modules/lightningcss-linux-x64-musl' ]
576 verbose reify failed optional dependency /private/tmp/founderpet/node_modules/lightningcss-linux-x64-gnu
577 silly reify mark deleted [ '/private/tmp/founderpet/node_modules/lightningcss-linux-x64-gnu' ]
578 verbose reify failed optional dependency /private/tmp/founderpet/node_modules/lightningcss-linux-arm64-musl
579 silly reify mark deleted [
579 silly reify   '/private/tmp/founderpet/node_modules/lightningcss-linux-arm64-musl'
579 silly reify ]
580 verbose reify failed optional dependency /private/tmp/founderpet/node_modules/lightningcss-linux-arm64-gnu
581 silly reify mark deleted [ '/private/tmp/founderpet/node_modules/lightningcss-linux-arm64-gnu' ]
582 verbose reify failed optional dependency /private/tmp/founderpet/node_modules/lightningcss-linux-arm-gnueabihf
583 silly reify mark deleted [
583 silly reify   '/private/tmp/founderpet/node_modules/lightningcss-linux-arm-gnueabihf'
583 silly reify ]
584 verbose reify failed optional dependency /private/tmp/founderpet/node_modules/lightningcss-freebsd-x64
585 silly reify mark deleted [ '/private/tmp/founderpet/node_modules/lightningcss-freebsd-x64' ]
586 verbose reify failed optional dependency /private/tmp/founderpet/node_modules/lightningcss-darwin-x64
587 silly reify mark deleted [ '/private/tmp/founderpet/node_modules/lightningcss-darwin-x64' ]
588 verbose reify failed optional dependency /private/tmp/founderpet/node_modules/lightningcss-android-arm64
589 silly reify mark deleted [ '/private/tmp/founderpet/node_modules/lightningcss-android-arm64' ]
590 verbose reify failed optional dependency /private/tmp/founderpet/node_modules/@next/swc-win32-x64-msvc
591 silly reify mark deleted [ '/private/tmp/founderpet/node_modules/@next/swc-win32-x64-msvc' ]
592 verbose reify failed optional dependency /private/tmp/founderpet/node_modules/@next/swc-win32-ia32-msvc
593 silly reify mark deleted [ '/private/tmp/founderpet/node_modules/@next/swc-win32-ia32-msvc' ]
594 verbose reify failed optional dependency /private/tmp/founderpet/node_modules/@next/swc-win32-arm64-msvc
595 silly reify mark deleted [ '/private/tmp/founderpet/node_modules/@next/swc-win32-arm64-msvc' ]
596 verbose reify failed optional dependency /private/tmp/founderpet/node_modules/@next/swc-linux-x64-musl
597 silly reify mark deleted [ '/private/tmp/founderpet/node_modules/@next/swc-linux-x64-musl' ]
598 verbose reify failed optional dependency /private/tmp/founderpet/node_modules/@next/swc-linux-x64-gnu
599 silly reify mark deleted [ '/private/tmp/founderpet/node_modules/@next/swc-linux-x64-gnu' ]
600 verbose reify failed optional dependency /private/tmp/founderpet/node_modules/@next/swc-linux-arm64-musl
601 silly reify mark deleted [ '/private/tmp/founderpet/node_modules/@next/swc-linux-arm64-musl' ]
602 verbose reify failed optional dependency /private/tmp/founderpet/node_modules/@next/swc-linux-arm64-gnu
603 silly reify mark deleted [ '/private/tmp/founderpet/node_modules/@next/swc-linux-arm64-gnu' ]
604 verbose reify failed optional dependency /private/tmp/founderpet/node_modules/@next/swc-darwin-x64
605 silly reify mark deleted [ '/private/tmp/founderpet/node_modules/@next/swc-darwin-x64' ]
606 http cache @emnapi/runtime@https://registry.npmjs.org/@emnapi/runtime/-/runtime-1.10.0.tgz 0ms (cache hit)
607 http cache @rolldown/pluginutils@https://registry.npmjs.org/@rolldown/pluginutils/-/pluginutils-1.0.1.tgz 0ms (cache hit)
608 http cache @emnapi/core@https://registry.npmjs.org/@emnapi/core/-/core-1.10.0.tgz 0ms (cache hit)
609 http cache @tybys/wasm-util@https://registry.npmjs.org/@tybys/wasm-util/-/wasm-util-0.10.2.tgz 0ms (cache hit)
610 http cache lightningcss-darwin-arm64@https://registry.npmjs.org/lightningcss-darwin-arm64/-/lightningcss-darwin-arm64-1.32.0.tgz 0ms (cache hit)
611 http cache @emnapi/wasi-threads@https://registry.npmjs.org/@emnapi/wasi-threads/-/wasi-threads-1.2.1.tgz 0ms (cache hit)
612 http cache rolldown@https://registry.npmjs.org/rolldown/-/rolldown-1.0.1.tgz 0ms (cache hit)
613 http cache @oxc-project/types@https://registry.npmjs.org/@oxc-project/types/-/types-0.130.0.tgz 0ms (cache hit)
614 http cache @rolldown/binding-darwin-arm64@https://registry.npmjs.org/@rolldown/binding-darwin-arm64/-/binding-darwin-arm64-1.0.1.tgz 0ms (cache hit)
615 http cache lightningcss@https://registry.npmjs.org/lightningcss/-/lightningcss-1.32.0.tgz 0ms (cache hit)
616 http cache stackback@https://registry.npmjs.org/stackback/-/stackback-0.0.2.tgz 0ms (cache hit)
617 http cache @types/estree@https://registry.npmjs.org/@types/estree/-/estree-1.0.9.tgz 0ms (cache hit)
618 http cache estree-walker@https://registry.npmjs.org/estree-walker/-/estree-walker-3.0.3.tgz 0ms (cache hit)
619 http cache assertion-error@https://registry.npmjs.org/assertion-error/-/assertion-error-2.0.1.tgz 0ms (cache hit)
620 http cache siginfo@https://registry.npmjs.org/siginfo/-/siginfo-2.0.0.tgz 0ms (cache hit)
621 http cache convert-source-map@https://registry.npmjs.org/convert-source-map/-/convert-source-map-2.0.0.tgz 0ms (cache hit)
622 http cache why-is-node-running@https://registry.npmjs.org/why-is-node-running/-/why-is-node-running-2.3.0.tgz 0ms (cache hit)
623 http cache chai@https://registry.npmjs.org/chai/-/chai-6.2.2.tgz 0ms (cache hit)
624 http cache @standard-schema/spec@https://registry.npmjs.org/@standard-schema/spec/-/spec-1.1.0.tgz 0ms (cache hit)
625 http cache @types/chai@https://registry.npmjs.org/@types/chai/-/chai-5.2.3.tgz 0ms (cache hit)
626 http cache @types/deep-eql@https://registry.npmjs.org/@types/deep-eql/-/deep-eql-4.0.2.tgz 0ms (cache hit)
627 http cache tinyrainbow@https://registry.npmjs.org/tinyrainbow/-/tinyrainbow-3.1.0.tgz 0ms (cache hit)
628 http cache tinybench@https://registry.npmjs.org/tinybench/-/tinybench-2.9.0.tgz 0ms (cache hit)
629 http cache tinyexec@https://registry.npmjs.org/tinyexec/-/tinyexec-1.1.2.tgz 0ms (cache hit)
630 http cache tinyglobby@https://registry.npmjs.org/tinyglobby/-/tinyglobby-0.2.16.tgz 0ms (cache hit)
631 http cache obug@https://registry.npmjs.org/obug/-/obug-2.1.1.tgz 0ms (cache hit)
632 http cache std-env@https://registry.npmjs.org/std-env/-/std-env-4.1.0.tgz 0ms (cache hit)
633 http cache expect-type@https://registry.npmjs.org/expect-type/-/expect-type-1.3.0.tgz 0ms (cache hit)
634 http cache es-module-lexer@https://registry.npmjs.org/es-module-lexer/-/es-module-lexer-2.1.0.tgz 0ms (cache hit)
635 http cache magic-string@https://registry.npmjs.org/magic-string/-/magic-string-0.30.21.tgz 0ms (cache hit)
636 http cache @vitest/spy@https://registry.npmjs.org/@vitest/spy/-/spy-4.1.6.tgz 0ms (cache hit)
637 http cache @vitest/utils@https://registry.npmjs.org/@vitest/utils/-/utils-4.1.6.tgz 0ms (cache hit)
638 http cache @vitest/snapshot@https://registry.npmjs.org/@vitest/snapshot/-/snapshot-4.1.6.tgz 0ms (cache hit)
639 http cache @vitest/pretty-format@https://registry.npmjs.org/@vitest/pretty-format/-/pretty-format-4.1.6.tgz 0ms (cache hit)
640 http cache @vitest/expect@https://registry.npmjs.org/@vitest/expect/-/expect-4.1.6.tgz 0ms (cache hit)
641 http cache @vitest/runner@https://registry.npmjs.org/@vitest/runner/-/runner-4.1.6.tgz 0ms (cache hit)
642 http cache yaml@https://registry.npmjs.org/yaml/-/yaml-2.9.0.tgz 0ms (cache hit)
643 http cache @napi-rs/wasm-runtime@https://registry.npmjs.org/@napi-rs/wasm-runtime/-/wasm-runtime-1.1.4.tgz 0ms (cache hit)
644 http cache nanoid@https://registry.npmjs.org/nanoid/-/nanoid-3.3.12.tgz 0ms (cache hit)
645 http cache vitest@https://registry.npmjs.org/vitest/-/vitest-4.1.6.tgz 0ms (cache hit)
646 http cache fsevents@https://registry.npmjs.org/fsevents/-/fsevents-2.3.3.tgz 0ms (cache hit)
647 http cache source-map-js@https://registry.npmjs.org/source-map-js/-/source-map-js-1.2.1.tgz 0ms (cache hit)
648 http cache picocolors@https://registry.npmjs.org/picocolors/-/picocolors-1.1.1.tgz 0ms (cache hit)
649 http cache detect-libc@https://registry.npmjs.org/detect-libc/-/detect-libc-2.1.2.tgz 0ms (cache hit)
650 http cache pathe@https://registry.npmjs.org/pathe/-/pathe-2.0.3.tgz 0ms (cache hit)
651 http cache pathe@https://registry.npmjs.org/pathe/-/pathe-2.0.3.tgz 0ms (cache hit)
652 http cache @jridgewell/sourcemap-codec@https://registry.npmjs.org/@jridgewell/sourcemap-codec/-/sourcemap-codec-1.5.5.tgz 0ms (cache hit)
653 http cache fdir@https://registry.npmjs.org/fdir/-/fdir-6.5.0.tgz 0ms (cache hit)
654 http cache picomatch@https://registry.npmjs.org/picomatch/-/picomatch-4.0.4.tgz 0ms (cache hit)
655 http cache jiti@https://registry.npmjs.org/jiti/-/jiti-2.7.0.tgz 0ms (cache hit)
656 http cache postcss@https://registry.npmjs.org/postcss/-/postcss-8.5.14.tgz 0ms (cache hit)
657 http cache vite@https://registry.npmjs.org/vite/-/vite-8.0.13.tgz 0ms (cache hit)
658 silly tarball no local data for @rolldown/pluginutils@https://registry.npmjs.org/@rolldown/pluginutils/-/pluginutils-1.0.1.tgz. Extracting by manifest.
659 silly tarball no local data for @emnapi/core@https://registry.npmjs.org/@emnapi/core/-/core-1.10.0.tgz. Extracting by manifest.
660 silly tarball no local data for @tybys/wasm-util@https://registry.npmjs.org/@tybys/wasm-util/-/wasm-util-0.10.2.tgz. Extracting by manifest.
661 silly tarball no local data for @emnapi/runtime@https://registry.npmjs.org/@emnapi/runtime/-/runtime-1.10.0.tgz. Extracting by manifest.
662 silly tarball no local data for lightningcss-darwin-arm64@https://registry.npmjs.org/lightningcss-darwin-arm64/-/lightningcss-darwin-arm64-1.32.0.tgz. Extracting by manifest.
663 silly tarball no local data for @emnapi/wasi-threads@https://registry.npmjs.org/@emnapi/wasi-threads/-/wasi-threads-1.2.1.tgz. Extracting by manifest.
664 silly tarball no local data for rolldown@https://registry.npmjs.org/rolldown/-/rolldown-1.0.1.tgz. Extracting by manifest.
665 silly tarball no local data for @oxc-project/types@https://registry.npmjs.org/@oxc-project/types/-/types-0.130.0.tgz. Extracting by manifest.
666 silly tarball no local data for @rolldown/binding-darwin-arm64@https://registry.npmjs.org/@rolldown/binding-darwin-arm64/-/binding-darwin-arm64-1.0.1.tgz. Extracting by manifest.
667 silly tarball no local data for estree-walker@https://registry.npmjs.org/estree-walker/-/estree-walker-3.0.3.tgz. Extracting by manifest.
668 http cache pathe@https://registry.npmjs.org/pathe/-/pathe-2.0.3.tgz 0ms (cache hit)
669 silly tarball no local data for stackback@https://registry.npmjs.org/stackback/-/stackback-0.0.2.tgz. Extracting by manifest.
670 silly tarball no local data for @types/estree@https://registry.npmjs.org/@types/estree/-/estree-1.0.9.tgz. Extracting by manifest.
671 silly tarball no local data for convert-source-map@https://registry.npmjs.org/convert-source-map/-/convert-source-map-2.0.0.tgz. Extracting by manifest.
672 silly tarball no local data for lightningcss@https://registry.npmjs.org/lightningcss/-/lightningcss-1.32.0.tgz. Extracting by manifest.
673 silly tarball no local data for siginfo@https://registry.npmjs.org/siginfo/-/siginfo-2.0.0.tgz. Extracting by manifest.
674 silly tarball no local data for @standard-schema/spec@https://registry.npmjs.org/@standard-schema/spec/-/spec-1.1.0.tgz. Extracting by manifest.
675 silly tarball no local data for chai@https://registry.npmjs.org/chai/-/chai-6.2.2.tgz. Extracting by manifest.
676 silly tarball no local data for assertion-error@https://registry.npmjs.org/assertion-error/-/assertion-error-2.0.1.tgz. Extracting by manifest.
677 silly tarball no local data for @types/chai@https://registry.npmjs.org/@types/chai/-/chai-5.2.3.tgz. Extracting by manifest.
678 silly tarball no local data for tinybench@https://registry.npmjs.org/tinybench/-/tinybench-2.9.0.tgz. Extracting by manifest.
679 silly tarball no local data for @types/deep-eql@https://registry.npmjs.org/@types/deep-eql/-/deep-eql-4.0.2.tgz. Extracting by manifest.
680 silly tarball no local data for tinyexec@https://registry.npmjs.org/tinyexec/-/tinyexec-1.1.2.tgz. Extracting by manifest.
681 silly tarball no local data for obug@https://registry.npmjs.org/obug/-/obug-2.1.1.tgz. Extracting by manifest.
682 silly tarball no local data for std-env@https://registry.npmjs.org/std-env/-/std-env-4.1.0.tgz. Extracting by manifest.
683 silly tarball no local data for tinyrainbow@https://registry.npmjs.org/tinyrainbow/-/tinyrainbow-3.1.0.tgz. Extracting by manifest.
684 silly tarball no local data for expect-type@https://registry.npmjs.org/expect-type/-/expect-type-1.3.0.tgz. Extracting by manifest.
685 silly tarball no local data for why-is-node-running@https://registry.npmjs.org/why-is-node-running/-/why-is-node-running-2.3.0.tgz. Extracting by manifest.
686 silly tarball no local data for tinyglobby@https://registry.npmjs.org/tinyglobby/-/tinyglobby-0.2.16.tgz. Extracting by manifest.
687 silly tarball no local data for es-module-lexer@https://registry.npmjs.org/es-module-lexer/-/es-module-lexer-2.1.0.tgz. Extracting by manifest.
688 silly tarball no local data for magic-string@https://registry.npmjs.org/magic-string/-/magic-string-0.30.21.tgz. Extracting by manifest.
689 silly tarball no local data for @vitest/utils@https://registry.npmjs.org/@vitest/utils/-/utils-4.1.6.tgz. Extracting by manifest.
690 silly tarball no local data for @vitest/snapshot@https://registry.npmjs.org/@vitest/snapshot/-/snapshot-4.1.6.tgz. Extracting by manifest.
691 silly tarball no local data for @vitest/pretty-format@https://registry.npmjs.org/@vitest/pretty-format/-/pretty-format-4.1.6.tgz. Extracting by manifest.
692 silly tarball no local data for @vitest/runner@https://registry.npmjs.org/@vitest/runner/-/runner-4.1.6.tgz. Extracting by manifest.
693 silly tarball no local data for @vitest/spy@https://registry.npmjs.org/@vitest/spy/-/spy-4.1.6.tgz. Extracting by manifest.
694 silly tarball no local data for @napi-rs/wasm-runtime@https://registry.npmjs.org/@napi-rs/wasm-runtime/-/wasm-runtime-1.1.4.tgz. Extracting by manifest.
695 silly tarball no local data for nanoid@https://registry.npmjs.org/nanoid/-/nanoid-3.3.12.tgz. Extracting by manifest.
696 silly tarball no local data for vitest@https://registry.npmjs.org/vitest/-/vitest-4.1.6.tgz. Extracting by manifest.
697 silly tarball no local data for @vitest/expect@https://registry.npmjs.org/@vitest/expect/-/expect-4.1.6.tgz. Extracting by manifest.
698 silly tarball no local data for fsevents@https://registry.npmjs.org/fsevents/-/fsevents-2.3.3.tgz. Extracting by manifest.
699 silly tarball no local data for yaml@https://registry.npmjs.org/yaml/-/yaml-2.9.0.tgz. Extracting by manifest.
700 http cache picomatch@https://registry.npmjs.org/picomatch/-/picomatch-4.0.4.tgz 0ms (cache hit)
701 silly tarball no local data for source-map-js@https://registry.npmjs.org/source-map-js/-/source-map-js-1.2.1.tgz. Extracting by manifest.
702 silly tarball no local data for picocolors@https://registry.npmjs.org/picocolors/-/picocolors-1.1.1.tgz. Extracting by manifest.
703 http cache @vitest/mocker@https://registry.npmjs.org/@vitest/mocker/-/mocker-4.1.6.tgz 0ms (cache hit)
704 silly tarball no local data for detect-libc@https://registry.npmjs.org/detect-libc/-/detect-libc-2.1.2.tgz. Extracting by manifest.
705 silly tarball no local data for pathe@https://registry.npmjs.org/pathe/-/pathe-2.0.3.tgz. Extracting by manifest.
706 silly tarball no local data for @jridgewell/sourcemap-codec@https://registry.npmjs.org/@jridgewell/sourcemap-codec/-/sourcemap-codec-1.5.5.tgz. Extracting by manifest.
707 silly tarball no local data for pathe@https://registry.npmjs.org/pathe/-/pathe-2.0.3.tgz. Extracting by manifest.
708 silly tarball no local data for jiti@https://registry.npmjs.org/jiti/-/jiti-2.7.0.tgz. Extracting by manifest.
709 silly tarball no local data for postcss@https://registry.npmjs.org/postcss/-/postcss-8.5.14.tgz. Extracting by manifest.
710 silly tarball no local data for vite@https://registry.npmjs.org/vite/-/vite-8.0.13.tgz. Extracting by manifest.
711 silly tarball no local data for fdir@https://registry.npmjs.org/fdir/-/fdir-6.5.0.tgz. Extracting by manifest.
712 silly tarball no local data for picomatch@https://registry.npmjs.org/picomatch/-/picomatch-4.0.4.tgz. Extracting by manifest.
713 silly tarball no local data for pathe@https://registry.npmjs.org/pathe/-/pathe-2.0.3.tgz. Extracting by manifest.
714 silly tarball no local data for picomatch@https://registry.npmjs.org/picomatch/-/picomatch-4.0.4.tgz. Extracting by manifest.
715 silly tarball no local data for @vitest/mocker@https://registry.npmjs.org/@vitest/mocker/-/mocker-4.1.6.tgz. Extracting by manifest.
716 http fetch GET 200 https://registry.npmjs.org/@rolldown/pluginutils/-/pluginutils-1.0.1.tgz 44ms (cache miss)
717 http fetch GET 200 https://registry.npmjs.org/rolldown/-/rolldown-1.0.1.tgz 51ms (cache miss)
718 http fetch GET 200 https://registry.npmjs.org/estree-walker/-/estree-walker-3.0.3.tgz 63ms (cache miss)
719 http fetch GET 200 https://registry.npmjs.org/@emnapi/runtime/-/runtime-1.10.0.tgz 67ms (cache miss)
720 http fetch GET 200 https://registry.npmjs.org/convert-source-map/-/convert-source-map-2.0.0.tgz 68ms (cache miss)
721 http fetch GET 200 https://registry.npmjs.org/@standard-schema/spec/-/spec-1.1.0.tgz 71ms (cache miss)
722 http fetch GET 200 https://registry.npmjs.org/stackback/-/stackback-0.0.2.tgz 74ms (cache miss)
723 http fetch GET 200 https://registry.npmjs.org/@types/estree/-/estree-1.0.9.tgz 82ms (cache miss)
724 http fetch GET 200 https://registry.npmjs.org/assertion-error/-/assertion-error-2.0.1.tgz 102ms (cache miss)
725 http fetch GET 200 https://registry.npmjs.org/siginfo/-/siginfo-2.0.0.tgz 103ms (cache miss)
726 http fetch GET 200 https://registry.npmjs.org/std-env/-/std-env-4.1.0.tgz 104ms (cache miss)
727 http fetch GET 200 https://registry.npmjs.org/chai/-/chai-6.2.2.tgz 109ms (cache miss)
728 http fetch GET 200 https://registry.npmjs.org/tinyrainbow/-/tinyrainbow-3.1.0.tgz 109ms (cache miss)
729 http fetch GET 200 https://registry.npmjs.org/@types/chai/-/chai-5.2.3.tgz 109ms (cache miss)
730 http fetch GET 200 https://registry.npmjs.org/@types/deep-eql/-/deep-eql-4.0.2.tgz 110ms (cache miss)
731 http fetch GET 200 https://registry.npmjs.org/expect-type/-/expect-type-1.3.0.tgz 118ms (cache miss)
732 http fetch GET 200 https://registry.npmjs.org/obug/-/obug-2.1.1.tgz 119ms (cache miss)
733 http fetch GET 200 https://registry.npmjs.org/tinyexec/-/tinyexec-1.1.2.tgz 121ms (cache miss)
734 http fetch GET 200 https://registry.npmjs.org/tinybench/-/tinybench-2.9.0.tgz 121ms (cache miss)
735 http fetch GET 200 https://registry.npmjs.org/why-is-node-running/-/why-is-node-running-2.3.0.tgz 125ms (cache miss)
736 http fetch GET 200 https://registry.npmjs.org/@vitest/pretty-format/-/pretty-format-4.1.6.tgz 129ms (cache miss)
737 http fetch GET 200 https://registry.npmjs.org/lightningcss/-/lightningcss-1.32.0.tgz 134ms (cache miss)
738 http fetch GET 200 https://registry.npmjs.org/tinyglobby/-/tinyglobby-0.2.16.tgz 136ms (cache miss)
739 http fetch GET 200 https://registry.npmjs.org/@vitest/snapshot/-/snapshot-4.1.6.tgz 137ms (cache miss)
740 http fetch GET 200 https://registry.npmjs.org/@vitest/spy/-/spy-4.1.6.tgz 141ms (cache miss)
741 http fetch GET 200 https://registry.npmjs.org/es-module-lexer/-/es-module-lexer-2.1.0.tgz 152ms (cache miss)
742 http fetch GET 200 https://registry.npmjs.org/nanoid/-/nanoid-3.3.12.tgz 152ms (cache miss)
743 http fetch GET 200 https://registry.npmjs.org/@vitest/utils/-/utils-4.1.6.tgz 158ms (cache miss)
744 http fetch GET 200 https://registry.npmjs.org/@emnapi/core/-/core-1.10.0.tgz 170ms (cache miss)
745 http fetch POST 200 https://registry.npmjs.org/-/npm/v1/security/advisories/bulk 182ms
746 silly audit report {
746 silly audit report   'form-data': [
746 silly audit report     {
746 silly audit report       id: 1109538,
746 silly audit report       url: 'https://github.com/advisories/GHSA-fjxv-7rqg-78g4',
746 silly audit report       title: 'form-data uses unsafe random function in form-data for choosing boundary',
746 silly audit report       severity: 'critical',
746 silly audit report       vulnerable_versions: '>=4.0.0 <4.0.4',
746 silly audit report       cwe: [Array],
746 silly audit report       cvss: [Object]
746 silly audit report     },
746 silly audit report     {
746 silly audit report       id: 1109539,
746 silly audit report       url: 'https://github.com/advisories/GHSA-fjxv-7rqg-78g4',
746 silly audit report       title: 'form-data uses unsafe random function in form-data for choosing boundary',
746 silly audit report       severity: 'critical',
746 silly audit report       vulnerable_versions: '>=3.0.0 <3.0.4',
746 silly audit report       cwe: [Array],
746 silly audit report       cvss: [Object]
746 silly audit report     }
746 silly audit report   ],
746 silly audit report   '@clerk/nextjs': [
746 silly audit report     {
746 silly audit report       id: 1117418,
746 silly audit report       url: 'https://github.com/advisories/GHSA-q6w5-jg5q-47vg',
746 silly audit report       title: '@clerk/nextjs auth() and getAuth() methods vulnerable to insecure direct object reference (IDOR) ',
746 silly audit report       severity: 'critical',
746 silly audit report       vulnerable_versions: '>=4.7.0 <4.29.3',
746 silly audit report       cwe: [Array],
746 silly audit report       cvss: [Object]
746 silly audit report     }
746 silly audit report   ],
746 silly audit report   '@langchain/core': [
746 silly audit report     {
746 silly audit report       id: 1113339,
746 silly audit report       url: 'https://github.com/advisories/GHSA-r399-636x-v7f6',
746 silly audit report       title: 'LangChain serialization injection vulnerability enables secret extraction',
746 silly audit report       severity: 'high',
746 silly audit report       vulnerable_versions: '<0.3.80',
746 silly audit report       cwe: [Array],
746 silly audit report       cvss: [Object]
746 silly audit report     }
746 silly audit report   ],
746 silly audit report   langsmith: [
746 silly audit report     {
746 silly audit report       id: 1118734,
746 silly audit report       url: 'https://github.com/advisories/GHSA-3644-q5cj-c5c7',
746 silly audit report       title: 'LangSmith SDK: Public prompt pull deserializes untrusted manifests without trust boundary warning',
746 silly audit report       severity: 'high',
746 silly audit report       vulnerable_versions: '<0.6.0',
746 silly audit report       cwe: [Array],
746 silly audit report       cvss: [Object]
746 silly audit report     },
746 silly audit report     {
746 silly audit report       id: 1116472,
746 silly audit report       url: 'https://github.com/advisories/GHSA-fw9q-39r9-c252',
746 silly audit report       title: 'LangSmith Client SDKs has Prototype Pollution in langsmith-sdk via Incomplete `__proto__` Guard in Internal lodash `set()`',
746 silly audit report       severity: 'moderate',
746 silly audit report       vulnerable_versions: '<=0.5.17',
746 silly audit report       cwe: [Array],
746 silly audit report       cvss: [Object]
746 silly audit report     },
746 silly audit report     {
746 silly audit report       id: 1117058,
746 silly audit report       url: 'https://github.com/advisories/GHSA-rr7j-v2q5-chgv',
746 silly audit report       title: 'LangSmith SDK: Streaming token events bypass output redaction',
746 silly audit report       severity: 'moderate',
746 silly audit report       vulnerable_versions: '<=0.5.18',
746 silly audit report       cwe: [Array],
746 silly audit report       cvss: [Object]
746 silly audit report     }
746 silly audit report   ],
746 silly audit report   zod: [
746 silly audit report     {
746 silly audit report       id: 1099462,
746 silly audit report       url: 'https://github.com/advisories/GHSA-m95q-7qp3-xv42',
746 silly audit report       title: 'Zod denial of service vulnerability',
746 silly audit report       severity: 'moderate',
746 silly audit report       vulnerable_versions: '<=3.22.2',
746 silly audit report       cwe: [Array],
746 silly audit report       cvss: [Object]
746 silly audit report     }
746 silly audit report   ],
746 silly audit report   '@protobufjs/utf8': [
746 silly audit report     {
746 silly audit report       id: 1118933,
746 silly audit report       url: 'https://github.com/advisories/GHSA-q6x5-8v7m-xcrf',
746 silly audit report       title: 'protobufjs has overlong UTF-8 decoding',
746 silly audit report       severity: 'moderate',
746 silly audit report       vulnerable_versions: '<=1.1.0',
746 silly audit report       cwe: [Array],
746 silly audit report       cvss: [Object]
746 silly audit report     }
746 silly audit report   ],
746 silly audit report   ajv: [
746 silly audit report     {
746 silly audit report       id: 1113714,
746 silly audit report       url: 'https://github.com/advisories/GHSA-2g4f-4pwh-qvx6',
746 silly audit report       title: 'ajv has ReDoS when using `$data` option',
746 silly audit report       severity: 'moderate',
746 silly audit report       vulnerable_versions: '<6.14.0',
746 silly audit report       cwe: [Array],
746 silly audit report       cvss: [Object]
746 silly audit report     }
746 silly audit report   ],
746 silly audit report   'brace-expansion': [
746 silly audit report     {
746 silly audit report       id: 1105443,
746 silly audit report       url: 'https://github.com/advisories/GHSA-v6h2-p8h4-qcjw',
746 silly audit report       title: 'brace-expansion Regular Expression Denial of Service vulnerability',
746 silly audit report       severity: 'low',
746 silly audit report       vulnerable_versions: '>=1.0.0 <=1.1.11',
746 silly audit report       cwe: [Array],
746 silly audit report       cvss: [Object]
746 silly audit report     },
746 silly audit report     {
746 silly audit report       id: 1105444,
746 silly audit report       url: 'https://github.com/advisories/GHSA-v6h2-p8h4-qcjw',
746 silly audit report       title: 'brace-expansion Regular Expression Denial of Service vulnerability',
746 silly audit report       severity: 'low',
746 silly audit report       vulnerable_versions: '>=2.0.0 <=2.0.1',
746 silly audit report       cwe: [Array],
746 silly audit report       cvss: [Object]
746 silly audit report     },
746 silly audit report     {
746 silly audit report       id: 1115540,
746 silly audit report       url: 'https://github.com/advisories/GHSA-f886-m6hf-6m8v',
746 silly audit report       title: 'brace-expansion: Zero-step sequence causes process hang and memory exhaustion',
746 silly audit report       severity: 'moderate',
746 silly audit report       vulnerable_versions: '<1.1.13',
746 silly audit report       cwe: [Array],
746 silly audit report       cvss: [Object]
746 silly audit report     },
746 silly audit report     {
746 silly audit report       id: 1115541,
746 silly audit report       url: 'https://github.com/advisories/GHSA-f886-m6hf-6m8v',
746 silly audit report       title: 'brace-expansion: Zero-step sequence causes process hang and memory exhaustion',
746 silly audit report       severity: 'moderate',
746 silly audit report       vulnerable_versions: '>=2.0.0 <2.0.3',
746 silly audit report       cwe: [Array],
746 silly audit report       cvss: [Object]
746 silly audit report     }
746 silly audit report   ],
746 silly audit report   braces: [
746 silly audit report     {
746 silly audit report       id: 1098094,
746 silly audit report       url: 'https://github.com/advisories/GHSA-grv7-fg5c-xmjg',
746 silly audit report       title: 'Uncontrolled resource consumption in braces',
746 silly audit report       severity: 'high',
746 silly audit report       vulnerable_versions: '<3.0.3',
746 silly audit report       cwe: [Array],
746 silly audit report       cvss: [Object]
746 silly audit report     }
746 silly audit report   ],
746 silly audit report   cookie: [
746 silly audit report     {
746 silly audit report       id: 1103907,
746 silly audit report       url: 'https://github.com/advisories/GHSA-pxg6-pf52-xh8x',
746 silly audit report       title: 'cookie accepts cookie name, path, and domain with out of bounds characters',
746 silly audit report       severity: 'low',
746 silly audit report       vulnerable_versions: '<0.7.0',
746 silly audit report       cwe: [Array],
746 silly audit report       cvss: [Object]
746 silly audit report     }
746 silly audit report   ],
746 silly audit report   'cross-spawn': [
746 silly audit report     {
746 silly audit report       id: 1104664,
746 silly audit report       url: 'https://github.com/advisories/GHSA-3xgq-45jj-v275',
746 silly audit report       title: 'Regular Expression Denial of Service (ReDoS) in cross-spawn',
746 silly audit report       severity: 'high',
746 silly audit report       vulnerable_versions: '>=7.0.0 <7.0.5',
746 silly audit report       cwe: [Array],
746 silly audit report       cvss: [Object]
746 silly audit report     }
746 silly audit report   ],
746 silly audit report   defu: [
746 silly audit report     {
746 silly audit report       id: 1116102,
746 silly audit report       url: 'https://github.com/advisories/GHSA-737v-mqg7-c878',
746 silly audit report       title: 'defu: Prototype pollution via `__proto__` key in defaults argument',
746 silly audit report       severity: 'high',
746 silly audit report       vulnerable_versions: '<=6.1.4',
746 silly audit report       cwe: [Array],
746 silly audit report       cvss: [Object]
746 silly audit report     }
746 silly audit report   ],
746 silly audit report   diff: [
746 silly audit report     {
746 silly audit report       id: 1112705,
746 silly audit report       url: 'https://github.com/advisories/GHSA-73rr-hh4g-fpgx',
746 silly audit report       title: 'jsdiff has a Denial of Service vulnerability in parsePatch and applyPatch',
746 silly audit report       severity: 'low',
746 silly audit report       vulnerable_versions: '>=5.0.0 <5.2.2',
746 silly audit report       cwe: [Array],
746 silly audit report       cvss: [Object]
746 silly audit report     }
746 silly audit report   ],
746 silly audit report   ejs: [
746 silly audit report     {
746 silly audit report       id: 1098366,
746 silly audit report       url: 'https://github.com/advisories/GHSA-ghr5-ch3p-vcr6',
746 silly audit report       title: 'ejs lacks certain pollution protection',
746 silly audit report       severity: 'moderate',
746 silly audit report       vulnerable_versions: '<3.1.10',
746 silly audit report       cwe: [Array],
746 silly audit report       cvss: [Object]
746 silly audit report     }
746 silly audit report   ],
746 silly audit report   'es5-ext': [
746 silly audit report     {
746 silly audit report       id: 1114651,
746 silly audit report       url: 'https://github.com/advisories/GHSA-4gmj-3p3h-gm8h',
746 silly audit report       title: 'es5-ext vulnerable to Regular Expression Denial of Service in `function#copy` and `function#toStringTokens`',
746 silly audit report       severity: 'low',
746 silly audit report       vulnerable_versions: '>=0.10.0 <0.10.63',
746 silly audit report       cwe: [Array],
746 silly audit report       cvss: [Object]
746 silly audit report     }
746 silly audit report   ],
746 silly audit report   semver: [
746 silly audit report     {
746 silly audit report       id: 1112922,
746 silly audit report       url: 'https://github.com/advisories/GHSA-c2qf-rxjj-qqgw',
746 silly audit report       title: 'semver vulnerable to Regular Expression Denial of Service',
746 silly audit report       severity: 'high',
746 silly audit report       vulnerable_versions: '>=6.0.0 <6.3.1',
746 silly audit report       cwe: [Array],
746 silly audit report       cvss: [Object]
746 silly audit report     }
746 silly audit report   ],
746 silly audit report   'expr-eval': [
746 silly audit report     {
746 silly audit report       id: 1111287,
746 silly audit report       url: 'https://github.com/advisories/GHSA-jc85-fpwf-qm7x',
746 silly audit report       title: 'expr-eval does not restrict functions passed to the evaluate function',
746 silly audit report       severity: 'high',
746 silly audit report       vulnerable_versions: '<=2.0.2',
746 silly audit report       cwe: [Array],
746 silly audit report       cvss: [Object]
746 silly audit report     },
746 silly audit report     {
746 silly audit report       id: 1109807,
746 silly audit report       url: 'https://github.com/advisories/GHSA-8gw3-rxh4-v6jx',
746 silly audit report       title: 'expr-eval vulnerable to Prototype Pollution',
746 silly audit report       severity: 'high',
746 silly audit report       vulnerable_versions: '<=2.0.2',
746 silly audit report       cwe: [Array],
746 silly audit report       cvss: [Object]
746 silly audit report     }
746 silly audit report   ],
746 silly audit report   minimatch: [
746 silly audit report     {
746 silly audit report       id: 1113459,
746 silly audit report       url: 'https://github.com/advisories/GHSA-3ppc-4f35-3m26',
746 silly audit report       title: 'minimatch has a ReDoS via repeated wildcards with non-matching literal in pattern',
746 silly audit report       severity: 'high',
746 silly audit report       vulnerable_versions: '<3.1.3',
746 silly audit report       cwe: [Array],
746 silly audit report       cvss: [Object]
746 silly audit report     },
746 silly audit report     {
746 silly audit report       id: 1113461,
746 silly audit report       url: 'https://github.com/advisories/GHSA-3ppc-4f35-3m26',
746 silly audit report       title: 'minimatch has a ReDoS via repeated wildcards with non-matching literal in pattern',
746 silly audit report       severity: 'high',
746 silly audit report       vulnerable_versions: '>=5.0.0 <5.1.7',
746 silly audit report       cwe: [Array],
746 silly audit report       cvss: [Object]
746 silly audit report     },
746 silly audit report     {
746 silly audit report       id: 1113538,
746 silly audit report       url: 'https://github.com/advisories/GHSA-7r86-cg39-jmmj',
746 silly audit report       title: 'minimatch has ReDoS: matchOne() combinatorial backtracking via multiple non-adjacent GLOBSTAR segments',
746 silly audit report       severity: 'high',
746 silly audit report       vulnerable_versions: '<3.1.3',
746 silly audit report       cwe: [Array],
746 silly audit report       cvss: [Object]
746 silly audit report     },
746 silly audit report     {
746 silly audit report       id: 1113540,
746 silly audit report       url: 'https://github.com/advisories/GHSA-7r86-cg39-jmmj',
746 silly audit report       title: 'minimatch has ReDoS: matchOne() combinatorial backtracking via multiple non-adjacent GLOBSTAR segments',
746 silly audit report       severity: 'high',
746 silly audit report       vulnerable_versions: '>=5.0.0 <5.1.8',
746 silly audit report       cwe: [Array],
746 silly audit report       cvss: [Object]
746 silly audit report     },
746 silly audit report     {
746 silly audit report       id: 1113546,
746 silly audit report       url: 'https://github.com/advisories/GHSA-23c5-xmqv-rm74',
746 silly audit report       title: 'minimatch ReDoS: nested *() extglobs generate catastrophically backtracking regular expressions',
746 silly audit report       severity: 'high',
746 silly audit report       vulnerable_versions: '<3.1.4',
746 silly audit report       cwe: [Array],
746 silly audit report       cvss: [Object]
746 silly audit report     },
746 silly audit report     {
746 silly audit report       id: 1113548,
746 silly audit report       url: 'https://github.com/advisories/GHSA-23c5-xmqv-rm74',
746 silly audit report       title: 'minimatch ReDoS: nested *() extglobs generate catastrophically backtracking regular expressions',
746 silly audit report       severity: 'high',
746 silly audit report       vulnerable_versions: '>=5.0.0 <5.1.8',
746 silly audit report       cwe: [Array],
746 silly audit report       cvss: [Object]
746 silly audit report     }
746 silly audit report   ],
746 silly audit report   flatted: [
746 silly audit report     {
746 silly audit report       id: 1114526,
746 silly audit report       url: 'https://github.com/advisories/GHSA-25h7-pfq9-p65f',
746 silly audit report       title: 'flatted vulnerable to unbounded recursion DoS in parse() revive phase',
746 silly audit report       severity: 'high',
746 silly audit report       vulnerable_versions: '<3.4.0',
746 silly audit report       cwe: [Array],
746 silly audit report       cvss: [Object]
746 silly audit report     },
746 silly audit report     {
746 silly audit report       id: 1115357,
746 silly audit report       url: 'https://github.com/advisories/GHSA-rf6f-7fwh-wjgh',
746 silly audit report       title: 'Prototype Pollution via parse() in NodeJS flatted',
746 silly audit report       severity: 'high',
746 silly audit report       vulnerable_versions: '<=3.4.1',
746 silly audit report       cwe: [Array],
746 silly audit report       cvss: [Object]
746 silly audit report     }
746 silly audit report   ],
746 silly audit report   h3: [
746 silly audit report     {
746 silly audit report       id: 1114875,
746 silly audit report       url: 'https://github.com/advisories/GHSA-wr4h-v87w-p3r7',
746 silly audit report       title: 'h3 has a Path Traversal via Percent-Encoded Dot Segments in serveStatic Allows Arbitrary File Read',
746 silly audit report       severity: 'moderate',
746 silly audit report       vulnerable_versions: '<1.15.6',
746 silly audit report       cwe: [Array],
746 silly audit report       cvss: [Object]
746 silly audit report     },
746 silly audit report     {
746 silly audit report       id: 1115114,
746 silly audit report       url: 'https://github.com/advisories/GHSA-4hxc-9384-m385',
746 silly audit report       title: 'h3: SSE Event Injection via Unsanitized Carriage Return (`\\r`) in EventStream Data and Comment Fields (Bypass of CVE Fix)',
746 silly audit report       severity: 'moderate',
746 silly audit report       vulnerable_versions: '<1.15.9',
746 silly audit report       cwe: [Array],
746 silly audit report       cvss: [Object]
746 silly audit report     },
746 silly audit report     {
746 silly audit report       id: 1115117,
746 silly audit report       url: 'https://github.com/advisories/GHSA-72gr-qfp7-vwhw',
746 silly audit report       title: 'h3: Double Decoding in `serveStatic` Bypasses `resolveDotSegments` Path Traversal Protection via `%252e%252e`',
746 silly audit report       severity: 'moderate',
746 silly audit report       vulnerable_versions: '<=1.15.8',
746 silly audit report       cwe: [Array],
746 silly audit report       cvss: [Object]
746 silly audit report     },
746 silly audit report     {
746 silly audit report       id: 1115161,
746 silly audit report       url: 'https://github.com/advisories/GHSA-22cc-p3c6-wpvm',
746 silly audit report       title: 'h3 has a Server-Sent Events Injection via Unsanitized Newlines in Event Stream Fields',
746 silly audit report       severity: 'high',
746 silly audit report       vulnerable_versions: '<1.15.6',
746 silly audit report       cwe: [Array],
746 silly audit report       cvss: [Object]
746 silly audit report     },
746 silly audit report     {
746 silly audit report       id: 1116543,
746 silly audit report       url: 'https://github.com/advisories/GHSA-mp2g-9vg9-f4cg',
746 silly audit report       title: 'h3 v1 has Request Smuggling (TE.TE) issue',
746 silly audit report       severity: 'high',
746 silly audit report       vulnerable_versions: '<=1.15.4',
746 silly audit report       cwe: [Array],
746 silly audit report       cvss: [Object]
746 silly audit report     }
746 silly audit report   ],
746 silly audit report   'js-yaml': [
746 silly audit report     {
746 silly audit report       id: 1112715,
746 silly audit report       url: 'https://github.com/advisories/GHSA-mh29-5h37-fv8m',
746 silly audit report       title: 'js-yaml has prototype pollution in merge (<<)',
746 silly audit report       severity: 'moderate',
746 silly audit report       vulnerable_versions: '>=4.0.0 <4.1.1',
746 silly audit report       cwe: [Array],
746 silly audit report       cvss: [Object]
746 silly audit report     }
746 silly audit report   ],
746 silly audit report   langchain: [
746 silly audit report     {
746 silly audit report       id: 1100325,
746 silly audit report       url: 'https://github.com/advisories/GHSA-hc5w-c9f8-9cc4',
746 silly audit report       title: 'Langchain Path Traversal vulnerability',
746 silly audit report       severity: 'moderate',
746 silly audit report       vulnerable_versions: '<0.2.19',
746 silly audit report       cwe: [Array],
746 silly audit report       cvss: [Object]
746 silly audit report     },
746 silly audit report     {
746 silly audit report       id: 1113337,
746 silly audit report       url: 'https://github.com/advisories/GHSA-r399-636x-v7f6',
746 silly audit report       title: 'LangChain serialization injection vulnerability enables secret extraction',
746 silly audit report       severity: 'high',
746 silly audit report       vulnerable_versions: '<0.3.37',
746 silly audit report       cwe: [Array],
746 silly audit report       cvss: [Object]
746 silly audit report     }
746 silly audit report   ],
746 silly audit report   micromatch: [
746 silly audit report     {
746 silly audit report       id: 1098681,
746 silly audit report       url: 'https://github.com/advisories/GHSA-952p-6rrq-rcjv',
746 silly audit report       title: 'Regular Expression Denial of Service (ReDoS) in micromatch',
746 silly audit report       severity: 'moderate',
746 silly audit report       vulnerable_versions: '<4.0.8',
746 silly audit report       cwe: [Array],
746 silly audit report       cvss: [Object]
746 silly audit report     }
746 silly audit report   ],
746 silly audit report   next: [
746 silly audit report     {
746 silly audit report       id: 1100393,
746 silly audit report       url: 'https://github.com/advisories/GHSA-fq54-2j52-jc42',
746 silly audit report       title: 'Next.js Denial of Service (DoS) condition',
746 silly audit report       severity: 'high',
746 silly audit report       vulnerable_versions: '>=13.3.1 <13.5.0',
746 silly audit report       cwe: [Array],
746 silly audit report       cvss: [Object]
746 silly audit report     },
746 silly audit report     {
746 silly audit report       id: 1100421,
746 silly audit report       url: 'https://github.com/advisories/GHSA-g77x-44xx-532m',
746 silly audit report       title: 'Denial of Service condition in Next.js image optimization',
746 silly audit report       severity: 'moderate',
746 silly audit report       vulnerable_versions: '>=10.0.0 <14.2.7',
746 silly audit report       cwe: [Array],
746 silly audit report       cvss: [Object]
746 silly audit report     },
746 silly audit report     {
746 silly audit report       id: 1117931,
746 silly audit report       url: 'https://github.com/advisories/GHSA-8h8q-6873-q5fj',
746 silly audit report       title: 'Next.js Vulnerable to Denial of Service with Server Components',
746 silly audit report       severity: 'high',
746 silly audit report       vulnerable_versions: '>=13.0.0 <15.5.16',
746 silly audit report       cwe: [Array],
746 silly audit report       cvss: [Object]
746 silly audit report     },
746 silly audit report     {
746 silly audit report       id: 1101439,
746 silly audit report       url: 'https://github.com/advisories/GHSA-7m27-7ghc-44w9',
746 silly audit report       title: 'Next.js Allows a Denial of Service (DoS) with Server Actions',
746 silly audit report       severity: 'moderate',
746 silly audit report       vulnerable_versions: '>=13.0.0 <13.5.8',
746 silly audit report       cwe: [Array],
746 silly audit report       cvss: [Object]
746 silly audit report     },
746 silly audit report     {
746 silly audit report       id: 1105461,
746 silly audit report       url: 'https://github.com/advisories/GHSA-3h52-269p-cp9r',
746 silly audit report       title: 'Information exposure in Next.js dev server due to lack of origin verification',
746 silly audit report       severity: 'low',
746 silly audit report       vulnerable_versions: '>=13.0 <14.2.30',
746 silly audit report       cwe: [Array],
746 silly audit report       cvss: [Object]
746 silly audit report     },
746 silly audit report     {
746 silly audit report       id: 1111391,
746 silly audit report       url: 'https://github.com/advisories/GHSA-mwv6-3258-q52c',
746 silly audit report       title: 'Next Vulnerable to Denial of Service with Server Components',
746 silly audit report       severity: 'high',
746 silly audit report       vulnerable_versions: '>=13.3.0 <14.2.34',
746 silly audit report       cwe: [Array],
746 silly audit report       cvss: [Object]
746 silly audit report     },
746 silly audit report     {
746 silly audit report       id: 1107226,
746 silly audit report       url: 'https://github.com/advisories/GHSA-g5qg-72qw-gw5v',
746 silly audit report       title: 'Next.js Affected by Cache Key Confusion for Image Optimization API Routes',
746 silly audit report       severity: 'moderate',
746 silly audit report       vulnerable_versions: '>=0.9.9 <14.2.31',
746 silly audit report       cwe: [Array],
746 silly audit report       cvss: [Object]
746 silly audit report     },
746 silly audit report     {
746 silly audit report       id: 1107420,
746 silly audit report       url: 'https://github.com/advisories/GHSA-7gfc-8cq8-jh5f',
746 silly audit report       title: 'Next.js authorization bypass vulnerability',
746 silly audit report       severity: 'high',
746 silly audit report       vulnerable_versions: '>=9.5.5 <14.2.15',
746 silly audit report       cwe: [Array],
746 silly audit report       cvss: [Object]
746 silly audit report     },
746 silly audit report     {
746 silly audit report       id: 1107512,
746 silly audit report       url: 'https://github.com/advisories/GHSA-4342-x723-ch2f',
746 silly audit report       title: 'Next.js Improper Middleware Redirect Handling Leads to SSRF',
746 silly audit report       severity: 'moderate',
746 silly audit report       vulnerable_versions: '>=0.9.9 <14.2.32',
746 silly audit report       cwe: [Array],
746 silly audit report       cvss: [Object]
746 silly audit report     },
746 silly audit report     {
746 silly audit report       id: 1107513,
746 silly audit report       url: 'https://github.com/advisories/GHSA-xv57-4mr9-wg8v',
746 silly audit report       title: 'Next.js Content Injection Vulnerability for Image Optimization',
746 silly audit report       severity: 'moderate',
746 silly audit report       vulnerable_versions: '>=0.9.9 <14.2.31',
746 silly audit report       cwe: [Array],
746 silly audit report       cvss: [Object]
746 silly audit report     },
746 silly audit report     {
746 silly audit report       id: 1112182,
746 silly audit report       url: 'https://github.com/advisories/GHSA-5j59-xgg2-r9c4',
746 silly audit report       title: 'Next has a Denial of Service with Server Components - Incomplete Fix Follow-Up',
746 silly audit report       severity: 'high',
746 silly audit report       vulnerable_versions: '>=13.3.1-canary.0 <14.2.35',
746 silly audit report       cwe: [Array],
746 silly audit report       cvss: [Object]
746 silly audit report     },
746 silly audit report     {
746 silly audit report       id: 1108291,
746 silly audit report       url: 'https://github.com/advisories/GHSA-qpjv-v59x-3qc4',
746 silly audit report       title: 'Next.js Race Condition to Cache Poisoning',
746 silly audit report       severity: 'low',
746 silly audit report       vulnerable_versions: '>=0.9.9 <14.2.24',
746 silly audit report       cwe: [Array],
746 silly audit report       cvss: [Object]
746 silly audit report     },
746 silly audit report     {
746 silly audit report       id: 1118942,
746 silly audit report       url: 'https://github.com/advisories/GHSA-3g8h-86w9-wvmq',
746 silly audit report       title: "Next.js's Middleware / Proxy redirects can be cache-poisoned",
746 silly audit report       severity: 'low',
746 silly audit report       vulnerable_versions: '>=12.2.0 <15.5.16',
746 silly audit report       cwe: [Array],
746 silly audit report       cvss: [Object]
746 silly audit report     },
746 silly audit report     {
746 silly audit report       id: 1118944,
746 silly audit report       url: 'https://github.com/advisories/GHSA-ffhc-5mcf-pf4q',
746 silly audit report       title: 'Next.js vulnerable to cross-site scripting in App Router applications using CSP nonces',
746 silly audit report       severity: 'moderate',
746 silly audit report       vulnerable_versions: '>=13.4.0 <15.5.16',
746 silly audit report       cwe: [Array],
746 silly audit report       cvss: [Object]
746 silly audit report     },
746 silly audit report     {
746 silly audit report       id: 1118948,
746 silly audit report       url: 'https://github.com/advisories/GHSA-gx5p-jg67-6x7h',
746 silly audit report       title: 'Next.js has cross-site scripting in beforeInteractive scripts with untrusted input',
746 silly audit report       severity: 'moderate',
746 silly audit report       vulnerable_versions: '>=13.0.0 <15.5.16',
746 silly audit report       cwe: [Array],
746 silly audit report       cvss: [Object]
746 silly audit report     },
746 silly audit report     {
746 silly audit report       id: 1118952,
746 silly audit report       url: 'https://github.com/advisories/GHSA-h64f-5h5j-jqjh',
746 silly audit report       title: 'Next.js has a Denial of Service in the Image Optimization API',
746 silly audit report       severity: 'moderate',
746 silly audit report       vulnerable_versions: '>=10.0.0 <15.5.16',
746 silly audit report       cwe: [Array],
746 silly audit report       cvss: [Object]
746 silly audit report     },
746 silly audit report     {
746 silly audit report       id: 1118962,
746 silly audit report       url: 'https://github.com/advisories/GHSA-36qx-fr4f-26g5',
746 silly audit report       title: 'Next.js has a Middleware / Proxy bypass in Pages Router applications using i18n',
746 silly audit report       severity: 'high',
746 silly audit report       vulnerable_versions: '>=12.2.0 <15.5.16',
746 silly audit report       cwe: [Array],
746 silly audit report       cvss: [Object]
746 silly audit report     },
746 silly audit report     {
746 silly audit report       id: 1112593,
746 silly audit report       url: 'https://github.com/advisories/GHSA-9g9p-9gw9-jx7f',
746 silly audit report       title: 'Next.js self-hosted applications vulnerable to DoS via Image Optimizer remotePatterns configuration',
746 silly audit report       severity: 'moderate',
746 silly audit report       vulnerable_versions: '>=10.0.0 <15.5.10',
746 silly audit report       cwe: [Array],
746 silly audit report       cvss: [Object]
746 silly audit report     },
746 silly audit report     {
746 silly audit report       id: 1112653,
746 silly audit report       url: 'https://github.com/advisories/GHSA-h25m-26qc-wcjf',
746 silly audit report       title: 'Next.js HTTP request deserialization can lead to DoS when using insecure React Server Components',
746 silly audit report       severity: 'high',
746 silly audit report       vulnerable_versions: '>=13.0.0 <15.0.8',
746 silly audit report       cwe: [Array],
746 silly audit report       cvss: [Object]
746 silly audit report     },
746 silly audit report     {
746 silly audit report       id: 1113690,
746 silly audit report       url: 'https://github.com/advisories/GHSA-f82v-jwr5-mffw',
746 silly audit report       title: 'Authorization Bypass in Next.js Middleware',
746 silly audit report       severity: 'critical',
746 silly audit report       vulnerable_versions: '>=13.0.0 <13.5.9',
746 silly audit report       cwe: [Array],
746 silly audit report       cvss: [Object]
746 silly audit report     },
746 silly audit report     {
746 silly audit report       id: 1114897,
746 silly audit report       url: 'https://github.com/advisories/GHSA-ggv3-7p47-pfv8',
746 silly audit report       title: 'Next.js: HTTP request smuggling in rewrites',
746 silly audit report       severity: 'moderate',
746 silly audit report       vulnerable_versions: '>=9.5.0 <15.5.13',
746 silly audit report       cwe: [Array],
746 silly audit report       cvss: [Object]
746 silly audit report     },
746 silly audit report     {
746 silly audit report       id: 1114940,
746 silly audit report       url: 'https://github.com/advisories/GHSA-3x4c-7xq6-9pq8',
746 silly audit report       title: 'Next.js: Unbounded next/image disk cache growth can exhaust storage',
746 silly audit report       severity: 'moderate',
746 silly audit report       vulnerable_versions: '>=10.0.0 <15.5.14',
746 silly audit report       cwe: [Array],
746 silly audit report       cvss: [Object]
746 silly audit report     },
746 silly audit report     {
746 silly audit report       id: 1116376,
746 silly audit report       url: 'https://github.com/advisories/GHSA-q4gf-8mx6-v5v3',
746 silly audit report       title: 'Next.js has a Denial of Service with Server Components',
746 silly audit report       severity: 'high',
746 silly audit report       vulnerable_versions: '>=13.0.0 <15.5.15',
746 silly audit report       cwe: [Array],
746 silly audit report       cvss: [Object]
746 silly audit report     },
746 silly audit report     {
746 silly audit report       id: 1097295,
746 silly audit report       url: 'https://github.com/advisories/GHSA-fr5h-rqp8-mj6g',
746 silly audit report       title: 'Next.js Server-Side Request Forgery in Server Actions',
746 silly audit report       severity: 'high',
746 silly audit report       vulnerable_versions: '>=13.4.0 <14.1.1',
746 silly audit report       cwe: [Array],
746 silly audit report       cvss: [Object]
746 silly audit report     },
746 silly audit report     {
746 silly audit report       id: 1098118,
746 silly audit report       url: 'https://github.com/advisories/GHSA-77r5-gw3j-2mpf',
746 silly audit report       title: 'Next.js Vulnerable to HTTP Request Smuggling',
746 silly audit report       severity: 'high',
746 silly audit report       vulnerable_versions: '>=13.4.0 <13.5.1',
746 silly audit report       cwe: [Array],
746 silly audit report       cvss: [Object]
746 silly audit report     },
746 silly audit report     {
746 silly audit report       id: 1094729,
746 silly audit report       url: 'https://github.com/advisories/GHSA-c59h-r6p8-q9wc',
746 silly audit report       title: 'Next.js missing cache-control header may lead to CDN caching empty reply',
746 silly audit report       severity: 'low',
746 silly audit report       vulnerable_versions: '>=0.9.9 <13.4.20-canary.13',
746 silly audit report       cwe: [],
746 silly audit report       cvss: [Object]
746 silly audit report     }
746 silly audit report   ],
746 silly audit report   postcss: [
746 silly audit report     {
746 silly audit report       id: 1109574,
746 silly audit report       url: 'https://github.com/advisories/GHSA-7fh5-64p2-3v2j',
746 silly audit report       title: 'PostCSS line return parsing error',
746 silly audit report       severity: 'moderate',
746 silly audit report       vulnerable_versions: '<8.4.31',
746 silly audit report       cwe: [Array],
746 silly audit report       cvss: [Object]
746 silly audit report     },
746 silly audit report     {
746 silly audit report       id: 1117015,
746 silly audit report       url: 'https://github.com/advisories/GHSA-qx2v-qp2m-jg93',
746 silly audit report       title: 'PostCSS has XSS via Unescaped </style> in its CSS Stringify Output',
746 silly audit report       severity: 'moderate',
746 silly audit report       vulnerable_versions: '<8.5.10',
746 silly audit report       cwe: [Array],
746 silly audit report       cvss: [Object]
746 silly audit report     }
746 silly audit report   ],
746 silly audit report   'path-to-regexp': [
746 silly audit report     {
746 silly audit report       id: 1101846,
746 silly audit report       url: 'https://github.com/advisories/GHSA-9wv6-86v2-598j',
746 silly audit report       title: 'path-to-regexp outputs backtracking regular expressions',
746 silly audit report       severity: 'high',
746 silly audit report       vulnerable_versions: '>=4.0.0 <6.3.0',
746 silly audit report       cwe: [Array],
746 silly audit report       cvss: [Object]
746 silly audit report     }
746 silly audit report   ],
746 silly audit report   picomatch: [
746 silly audit report     {
746 silly audit report       id: 1115549,
746 silly audit report       url: 'https://github.com/advisories/GHSA-3v7f-55p6-f55p',
746 silly audit report       title: 'Picomatch: Method Injection in POSIX Character Classes causes incorrect Glob Matching',
746 silly audit report       severity: 'moderate',
746 silly audit report       vulnerable_versions: '<2.3.2',
746 silly audit report       cwe: [Array],
746 silly audit report       cvss: [Object]
746 silly audit report     },
746 silly audit report     {
746 silly audit report       id: 1115552,
746 silly audit report       url: 'https://github.com/advisories/GHSA-c2c7-rcm5-vvqj',
746 silly audit report       title: 'Picomatch has a ReDoS vulnerability via extglob quantifiers',
746 silly audit report       severity: 'high',
746 silly audit report       vulnerable_versions: '<2.3.2',
746 silly audit report       cwe: [Array],
746 silly audit report       cvss: [Object]
746 silly audit report     }
746 silly audit report   ],
746 silly audit report   'tar-fs': [
746 silly audit report     {
746 silly audit report       id: 1109532,
746 silly audit report       url: 'https://github.com/advisories/GHSA-vj76-c3g6-qr5v',
746 silly audit report       title: 'tar-fs has a symlink validation bypass if destination directory is predictable with a specific tarball',
746 silly audit report       severity: 'high',
746 silly audit report       vulnerable_versions: '>=2.0.0 <2.1.4',
746 silly audit report       cwe: [Array],
746 silly audit report       cvss: [Object]
746 silly audit report     },
746 silly audit report     {
746 silly audit report       id: 1109534,
746 silly audit report       url: 'https://github.com/advisories/GHSA-vj76-c3g6-qr5v',
746 silly audit report       title: 'tar-fs has a symlink validation bypass if destination directory is predictable with a specific tarball',
746 silly audit report       severity: 'high',
746 silly audit report       vulnerable_versions: '>=3.0.0 <3.1.1',
746 silly audit report       cwe: [Array],
746 silly audit report       cvss: [Object]
746 silly audit report     },
746 silly audit report     {
746 silly audit report       id: 1109542,
746 silly audit report       url: 'https://github.com/advisories/GHSA-8cj5-5rvv-wf4v',
746 silly audit report       title: 'tar-fs can extract outside the specified dir with a specific tarball',
746 silly audit report       severity: 'high',
746 silly audit report       vulnerable_versions: '>=3.0.0 <3.0.9',
746 silly audit report       cwe: [Array],
746 silly audit report       cvss: [Object]
746 silly audit report     },
746 silly audit report     {
746 silly audit report       id: 1109543,
746 silly audit report       url: 'https://github.com/advisories/GHSA-8cj5-5rvv-wf4v',
746 silly audit report       title: 'tar-fs can extract outside the specified dir with a specific tarball',
746 silly audit report       severity: 'high',
746 silly audit report       vulnerable_versions: '>=2.0.0 <2.1.3',
746 silly audit report       cwe: [Array],
746 silly audit report       cvss: [Object]
746 silly audit report     },
746 silly audit report     {
746 silly audit report       id: 1109551,
746 silly audit report       url: 'https://github.com/advisories/GHSA-pq67-2wwv-3xjx',
746 silly audit report       title: 'tar-fs Vulnerable to Link Following and Path Traversal via Extracting a Crafted tar File',
746 silly audit report       severity: 'high',
746 silly audit report       vulnerable_versions: '>=3.0.0 <3.0.7',
746 silly audit report       cwe: [Array],
746 silly audit report       cvss: [Object]
746 silly audit report     },
746 silly audit report     {
746 silly audit report       id: 1109552,
746 silly audit report       url: 'https://github.com/advisories/GHSA-pq67-2wwv-3xjx',
746 silly audit report       title: 'tar-fs Vulnerable to Link Following and Path Traversal via Extracting a Crafted tar File',
746 silly audit report       severity: 'high',
746 silly audit report       vulnerable_versions: '>=2.0.0 <2.1.2',
746 silly audit report       cwe: [Array],
746 silly audit report       cvss: [Object]
746 silly audit report     }
746 silly audit report   ],
746 silly audit report   protobufjs: [
746 silly audit report     {
746 silly audit report       id: 1118641,
746 silly audit report       url: 'https://github.com/advisories/GHSA-66ff-xgx4-vchm',
746 silly audit report       title: 'protobuf.js: Code injection through bytes field defaults in generated toObject code',
746 silly audit report       severity: 'high',
746 silly audit report       vulnerable_versions: '<=7.5.5',
746 silly audit report       cwe: [Array],
746 silly audit report       cvss: [Object]
746 silly audit report     },
746 silly audit report     {
746 silly audit report       id: 1118924,
746 silly audit report       url: 'https://github.com/advisories/GHSA-2pr8-phx7-x9h3',
746 silly audit report       title: 'protobuf.js: Denial of service from crafted field names in generated code',
746 silly audit report       severity: 'moderate',
746 silly audit report       vulnerable_versions: '<=7.5.5',
746 silly audit report       cwe: [Array],
746 silly audit report       cvss: [Object]
746 silly audit report     },
746 silly audit report     {
746 silly audit report       id: 1118926,
746 silly audit report       url: 'https://github.com/advisories/GHSA-fx83-v9x8-x52w',
746 silly audit report       title: 'protobuf.js: Prototype injection in generated message constructors',
746 silly audit report       severity: 'moderate',
746 silly audit report       vulnerable_versions: '<=7.5.5',
746 silly audit report       cwe: [Array],
746 silly audit report       cvss: [Object]
746 silly audit report     },
746 silly audit report     {
746 silly audit report       id: 1118928,
746 silly audit report       url: 'https://github.com/advisories/GHSA-75px-5xx7-5xc7',
746 silly audit report       title: 'protobuf.js: Code generation gadget after prototype pollution',
746 silly audit report       severity: 'high',
746 silly audit report       vulnerable_versions: '<=7.5.5',
746 silly audit report       cwe: [Array],
746 silly audit report       cvss: [Object]
746 silly audit report     },
746 silly audit report     {
746 silly audit report       id: 1118930,
746 silly audit report       url: 'https://github.com/advisories/GHSA-jvwf-75h9-cwgg',
746 silly audit report       title: 'protobuf.js: Process-wide denial of service through unsafe option paths',
746 silly audit report       severity: 'high',
746 silly audit report       vulnerable_versions: '<=7.5.5',
746 silly audit report       cwe: [Array],
746 silly audit report       cvss: [Object]
746 silly audit report     },
746 silly audit report     {
746 silly audit report       id: 1118932,
746 silly audit report       url: 'https://github.com/advisories/GHSA-685m-2w69-288q',
746 silly audit report       title: 'protobuf.js: Denial of service through unbounded protobuf recursion',
746 silly audit report       severity: 'high',
746 silly audit report       vulnerable_versions: '<=7.5.5',
746 silly audit report       cwe: [Array],
746 silly audit report       cvss: [Object]
746 silly audit report     },
746 silly audit report     {
746 silly audit report       id: 1118935,
746 silly audit report       url: 'https://github.com/advisories/GHSA-q6x5-8v7m-xcrf',
746 silly audit report       title: 'protobufjs has overlong UTF-8 decoding',
746 silly audit report       severity: 'moderate',
746 silly audit report       vulnerable_versions: '<=7.5.5',
746 silly audit report       cwe: [Array],
746 silly audit report       cvss: [Object]
746 silly audit report     },
746 silly audit report     {
746 silly audit report       id: 1117571,
746 silly audit report       url: 'https://github.com/advisories/GHSA-xq3m-2v4x-88gg',
746 silly audit report       title: 'Arbitrary code execution in protobufjs',
746 silly audit report       severity: 'critical',
746 silly audit report       vulnerable_versions: '<7.5.5',
746 silly audit report       cwe: [Array],
746 silly audit report       cvss: [Object]
746 silly audit report     }
746 silly audit report   ],
746 silly audit report   'word-wrap': [
746 silly audit report     {
746 silly audit report       id: 1102444,
746 silly audit report       url: 'https://github.com/advisories/GHSA-j8xg-fqg3-53r7',
746 silly audit report       title: 'word-wrap vulnerable to Regular Expression Denial of Service',
746 silly audit report       severity: 'moderate',
746 silly audit report       vulnerable_versions: '<1.2.4',
746 silly audit report       cwe: [Array],
746 silly audit report       cvss: [Object]
746 silly audit report     }
746 silly audit report   ]
746 silly audit report }
747 silly packumentCache corgi:https://registry.npmjs.org/form-data cache-miss
748 silly packumentCache corgi:https://registry.npmjs.org/@clerk%2fnextjs cache-miss
749 silly packumentCache corgi:https://registry.npmjs.org/@langchain%2fcore cache-miss
750 silly packumentCache corgi:https://registry.npmjs.org/langsmith cache-miss
751 silly packumentCache corgi:https://registry.npmjs.org/zod cache-miss
752 silly packumentCache corgi:https://registry.npmjs.org/@protobufjs%2futf8 cache-miss
753 silly packumentCache corgi:https://registry.npmjs.org/ajv cache-miss
754 silly packumentCache corgi:https://registry.npmjs.org/brace-expansion cache-miss
755 silly packumentCache corgi:https://registry.npmjs.org/braces cache-miss
756 silly packumentCache corgi:https://registry.npmjs.org/cookie cache-miss
757 silly packumentCache corgi:https://registry.npmjs.org/cross-spawn cache-miss
758 silly packumentCache corgi:https://registry.npmjs.org/defu cache-miss
759 silly packumentCache corgi:https://registry.npmjs.org/diff cache-miss
760 silly packumentCache corgi:https://registry.npmjs.org/ejs cache-miss
761 silly packumentCache corgi:https://registry.npmjs.org/es5-ext cache-miss
762 silly packumentCache corgi:https://registry.npmjs.org/semver cache-miss
763 silly packumentCache corgi:https://registry.npmjs.org/expr-eval cache-miss
764 silly packumentCache corgi:https://registry.npmjs.org/minimatch cache-miss
765 silly packumentCache corgi:https://registry.npmjs.org/flatted cache-miss
766 silly packumentCache corgi:https://registry.npmjs.org/h3 cache-miss
767 silly packumentCache corgi:https://registry.npmjs.org/js-yaml cache-miss
768 silly packumentCache corgi:https://registry.npmjs.org/langchain cache-miss
769 silly packumentCache corgi:https://registry.npmjs.org/micromatch cache-miss
770 silly packumentCache corgi:https://registry.npmjs.org/next cache-miss
771 silly packumentCache corgi:https://registry.npmjs.org/postcss cache-miss
772 silly packumentCache corgi:https://registry.npmjs.org/path-to-regexp cache-miss
773 silly packumentCache corgi:https://registry.npmjs.org/picomatch cache-miss
774 silly packumentCache corgi:https://registry.npmjs.org/tar-fs cache-miss
775 silly packumentCache corgi:https://registry.npmjs.org/protobufjs cache-miss
776 silly packumentCache corgi:https://registry.npmjs.org/word-wrap cache-miss
777 http fetch GET 200 https://registry.npmjs.org/magic-string/-/magic-string-0.30.21.tgz 197ms (cache miss)
778 http fetch GET 200 https://registry.npmjs.org/@tybys/wasm-util/-/wasm-util-0.10.2.tgz 219ms (cache miss)
779 http fetch GET 200 https://registry.npmjs.org/fsevents/-/fsevents-2.3.3.tgz 235ms (cache miss)
780 http fetch GET 200 https://registry.npmjs.org/picocolors/-/picocolors-1.1.1.tgz 244ms (cache miss)
781 http fetch GET 200 https://registry.npmjs.org/pathe/-/pathe-2.0.3.tgz 246ms (cache miss)
782 http fetch GET 200 https://registry.npmjs.org/@oxc-project/types/-/types-0.130.0.tgz 260ms (cache miss)
783 http fetch GET 200 https://registry.npmjs.org/detect-libc/-/detect-libc-2.1.2.tgz 258ms (cache miss)
784 http fetch GET 200 https://registry.npmjs.org/fdir/-/fdir-6.5.0.tgz 263ms (cache miss)
785 http fetch GET 200 https://registry.npmjs.org/picomatch/-/picomatch-4.0.4.tgz 267ms (cache miss)
786 http fetch GET 200 https://registry.npmjs.org/picomatch/-/picomatch-4.0.4.tgz 264ms (cache miss)
787 http fetch GET 200 https://registry.npmjs.org/@vitest/expect/-/expect-4.1.6.tgz 273ms (cache miss)
788 http fetch GET 200 https://registry.npmjs.org/pathe/-/pathe-2.0.3.tgz 273ms (cache miss)
789 http fetch GET 200 https://registry.npmjs.org/cross-spawn 101ms (cache revalidated)
790 silly packumentCache corgi:https://registry.npmjs.org/cross-spawn set size:44626 disposed:false
791 http fetch GET 200 https://registry.npmjs.org/langsmith 103ms (cache revalidated)
792 silly packumentCache corgi:https://registry.npmjs.org/langsmith set size:739406 disposed:false
793 http fetch GET 200 https://registry.npmjs.org/ajv 108ms (cache revalidated)
794 silly packumentCache corgi:https://registry.npmjs.org/ajv set size:467559 disposed:false
795 http fetch GET 200 https://registry.npmjs.org/defu 111ms (cache revalidated)
796 silly packumentCache corgi:https://registry.npmjs.org/defu set size:48151 disposed:false
797 http fetch GET 200 https://registry.npmjs.org/micromatch 110ms (cache revalidated)
798 silly packumentCache corgi:https://registry.npmjs.org/micromatch set size:71776 disposed:false
799 http fetch GET 200 https://registry.npmjs.org/es5-ext 111ms (cache revalidated)
800 silly packumentCache corgi:https://registry.npmjs.org/es5-ext set size:72912 disposed:false
801 http fetch GET 200 https://registry.npmjs.org/semver 115ms (cache revalidated)
802 silly packumentCache corgi:https://registry.npmjs.org/semver set size:97280 disposed:false
803 http fetch GET 200 https://registry.npmjs.org/ejs 115ms (cache revalidated)
804 silly packumentCache corgi:https://registry.npmjs.org/ejs set size:66600 disposed:false
805 http fetch GET 200 https://registry.npmjs.org/pathe/-/pathe-2.0.3.tgz 294ms (cache miss)
806 http fetch GET 200 https://registry.npmjs.org/@emnapi/wasi-threads/-/wasi-threads-1.2.1.tgz 299ms (cache miss)
807 http fetch GET 200 https://registry.npmjs.org/@langchain%2fcore 124ms (cache revalidated)
808 silly packumentCache corgi:https://registry.npmjs.org/@langchain%2fcore set size:454872 disposed:false
809 http fetch GET 200 https://registry.npmjs.org/@protobufjs%2futf8 125ms (cache revalidated)
810 silly packumentCache corgi:https://registry.npmjs.org/@protobufjs%2futf8 set size:5066 disposed:false
811 http fetch GET 200 https://registry.npmjs.org/diff 124ms (cache revalidated)
812 silly packumentCache corgi:https://registry.npmjs.org/diff set size:67741 disposed:false
813 http fetch GET 200 https://registry.npmjs.org/postcss 124ms (cache revalidated)
814 silly packumentCache corgi:https://registry.npmjs.org/postcss set size:343873 disposed:false
815 http fetch GET 200 https://registry.npmjs.org/picomatch 126ms (cache revalidated)
816 silly packumentCache corgi:https://registry.npmjs.org/picomatch set size:44414 disposed:false
817 http fetch GET 200 https://registry.npmjs.org/brace-expansion 129ms (cache revalidated)
818 silly packumentCache corgi:https://registry.npmjs.org/brace-expansion set size:23348 disposed:false
819 http fetch GET 200 https://registry.npmjs.org/js-yaml 128ms (cache revalidated)
820 silly packumentCache corgi:https://registry.npmjs.org/js-yaml set size:58533 disposed:false
821 http fetch GET 200 https://registry.npmjs.org/path-to-regexp 128ms (cache revalidated)
822 silly packumentCache corgi:https://registry.npmjs.org/path-to-regexp set size:66575 disposed:false
823 http fetch GET 200 https://registry.npmjs.org/source-map-js/-/source-map-js-1.2.1.tgz 308ms (cache miss)
824 http fetch GET 200 https://registry.npmjs.org/@jridgewell/sourcemap-codec/-/sourcemap-codec-1.5.5.tgz 311ms (cache miss)
825 http fetch GET 200 https://registry.npmjs.org/langchain 137ms (cache revalidated)
826 silly packumentCache corgi:https://registry.npmjs.org/langchain set size:2295353 disposed:false
827 http fetch GET 200 https://registry.npmjs.org/protobufjs 155ms (cache revalidated)
828 silly packumentCache corgi:https://registry.npmjs.org/protobufjs set size:260101 disposed:false
829 http fetch GET 200 https://registry.npmjs.org/tar-fs 159ms (cache revalidated)
830 silly packumentCache corgi:https://registry.npmjs.org/tar-fs set size:55148 disposed:false
831 http fetch GET 200 https://registry.npmjs.org/zod 164ms (cache revalidated)
832 silly packumentCache corgi:https://registry.npmjs.org/zod set size:1023623 disposed:false
833 http fetch GET 200 https://registry.npmjs.org/word-wrap 163ms (cache revalidated)
834 silly packumentCache corgi:https://registry.npmjs.org/word-wrap set size:9507 disposed:false
835 http fetch GET 200 https://registry.npmjs.org/next 180ms (cache revalidated)
836 silly packumentCache corgi:https://registry.npmjs.org/next set size:24969750 disposed:false
837 http fetch GET 200 https://registry.npmjs.org/@vitest/mocker/-/mocker-4.1.6.tgz 952ms (cache miss)
838 http fetch GET 200 https://registry.npmjs.org/minimatch 783ms (cache revalidated)
839 silly packumentCache corgi:https://registry.npmjs.org/minimatch set size:168441 disposed:false
840 http fetch GET 200 https://registry.npmjs.org/flatted 787ms (cache revalidated)
841 silly packumentCache corgi:https://registry.npmjs.org/flatted set size:57858 disposed:false
842 http fetch GET 200 https://registry.npmjs.org/cookie 788ms (cache revalidated)
843 silly packumentCache corgi:https://registry.npmjs.org/cookie set size:23677 disposed:false
844 http fetch GET 200 https://registry.npmjs.org/form-data 791ms (cache revalidated)
845 silly packumentCache corgi:https://registry.npmjs.org/form-data set size:51426 disposed:false
846 http fetch GET 200 https://registry.npmjs.org/h3 789ms (cache revalidated)
847 silly packumentCache corgi:https://registry.npmjs.org/h3 set size:235478 disposed:false
848 http fetch GET 200 https://registry.npmjs.org/expr-eval 790ms (cache revalidated)
849 silly packumentCache corgi:https://registry.npmjs.org/expr-eval set size:17585 disposed:false
850 http fetch GET 200 https://registry.npmjs.org/braces 792ms (cache revalidated)
851 silly packumentCache corgi:https://registry.npmjs.org/braces set size:35919 disposed:false
852 http fetch GET 200 https://registry.npmjs.org/@clerk%2fnextjs 798ms (cache revalidated)
853 silly packumentCache corgi:https://registry.npmjs.org/@clerk%2fnextjs set size:7499461 disposed:false
854 silly packumentCache corgi:https://registry.npmjs.org/@types%2fnode-fetch cache-miss
855 http fetch GET 200 https://registry.npmjs.org/@vitest/runner/-/runner-4.1.6.tgz 1033ms (cache miss)
856 http fetch GET 200 https://registry.npmjs.org/postcss/-/postcss-8.5.14.tgz 1032ms (cache miss)
857 http fetch GET 200 https://registry.npmjs.org/jiti/-/jiti-2.7.0.tgz 1046ms (cache miss)
858 http fetch GET 200 https://registry.npmjs.org/@types%2fnode-fetch 38ms (cache revalidated)
859 silly packumentCache corgi:https://registry.npmjs.org/@types%2fnode-fetch set size:67036 disposed:false
860 http fetch GET 200 https://registry.npmjs.org/vite/-/vite-8.0.13.tgz 1063ms (cache miss)
861 silly packumentCache corgi:https://registry.npmjs.org/zod-to-json-schema cache-miss
862 http fetch GET 200 https://registry.npmjs.org/vitest/-/vitest-4.1.6.tgz 1102ms (cache miss)
863 http fetch GET 200 https://registry.npmjs.org/yaml/-/yaml-2.9.0.tgz 1118ms (cache miss)
864 http fetch GET 200 https://registry.npmjs.org/lightningcss-darwin-arm64/-/lightningcss-darwin-arm64-1.32.0.tgz 1123ms (cache miss)
865 http fetch GET 200 https://registry.npmjs.org/@napi-rs/wasm-runtime/-/wasm-runtime-1.1.4.tgz 1123ms (cache miss)
866 http fetch GET 200 https://registry.npmjs.org/@rolldown/binding-darwin-arm64/-/binding-darwin-arm64-1.0.1.tgz 1168ms (cache miss)
867 info run fsevents@2.3.3 install node_modules/fsevents node-gyp rebuild
868 http fetch GET 200 https://registry.npmjs.org/zod-to-json-schema 189ms (cache revalidated)
869 silly packumentCache corgi:https://registry.npmjs.org/zod-to-json-schema set size:118955 disposed:false
870 silly packumentCache corgi:https://registry.npmjs.org/@eslint%2feslintrc cache-miss
871 silly packumentCache corgi:https://registry.npmjs.org/eslint cache-miss
872 http fetch GET 200 https://registry.npmjs.org/eslint 22ms (cache revalidated)
873 silly packumentCache corgi:https://registry.npmjs.org/eslint set size:1157219 disposed:false
874 http fetch GET 200 https://registry.npmjs.org/@eslint%2feslintrc 31ms (cache revalidated)
875 silly packumentCache corgi:https://registry.npmjs.org/@eslint%2feslintrc set size:83205 disposed:false
876 silly packumentCache corgi:https://registry.npmjs.org/chokidar cache-miss
877 http fetch GET 200 https://registry.npmjs.org/chokidar 22ms (cache revalidated)
878 silly packumentCache corgi:https://registry.npmjs.org/chokidar set size:119454 disposed:false
879 silly packumentCache corgi:https://registry.npmjs.org/@clerk%2fbackend cache-miss
880 info run fsevents@2.3.3 install { code: 1, signal: null }
881 verbose reify failed optional dependency /private/tmp/founderpet/node_modules/fsevents
882 silly reify mark deleted [ '/private/tmp/founderpet/node_modules/fsevents' ]
883 http fetch GET 200 https://registry.npmjs.org/@clerk%2fbackend 576ms (cache revalidated)
884 silly packumentCache corgi:https://registry.npmjs.org/@clerk%2fbackend set size:6094456 disposed:false
885 silly packumentCache corgi:https://registry.npmjs.org/@pkgr%2futils cache-miss
886 silly packumentCache corgi:https://registry.npmjs.org/cross-env cache-miss
887 silly packumentCache corgi:https://registry.npmjs.org/execa cache-miss
888 http fetch GET 200 https://registry.npmjs.org/cross-env 20ms (cache revalidated)
889 silly packumentCache corgi:https://registry.npmjs.org/cross-env set size:58440 disposed:false
890 http fetch GET 200 https://registry.npmjs.org/execa 23ms (cache revalidated)
891 silly packumentCache corgi:https://registry.npmjs.org/execa set size:88813 disposed:false
892 http fetch GET 200 https://registry.npmjs.org/@pkgr%2futils 573ms (cache revalidated)
893 silly packumentCache corgi:https://registry.npmjs.org/@pkgr%2futils set size:67318 disposed:false
894 silly packumentCache corgi:https://registry.npmjs.org/unenv cache-miss
895 http fetch GET 200 https://registry.npmjs.org/unenv 22ms (cache revalidated)
896 silly packumentCache corgi:https://registry.npmjs.org/unenv set size:110674 disposed:false
897 silly packumentCache corgi:https://registry.npmjs.org/@flydotio%2fdockerfile cache-miss
898 http fetch GET 200 https://registry.npmjs.org/@flydotio%2fdockerfile 568ms (cache revalidated)
899 silly packumentCache corgi:https://registry.npmjs.org/@flydotio%2fdockerfile set size:60218 disposed:false
900 silly packumentCache corgi:https://registry.npmjs.org/d cache-miss
901 silly packumentCache corgi:https://registry.npmjs.org/es6-iterator cache-miss
902 silly packumentCache corgi:https://registry.npmjs.org/websocket cache-miss
903 http fetch GET 200 https://registry.npmjs.org/d 18ms (cache revalidated)
904 silly packumentCache corgi:https://registry.npmjs.org/d set size:4147 disposed:false
905 http fetch GET 200 https://registry.npmjs.org/es6-iterator 20ms (cache revalidated)
906 silly packumentCache corgi:https://registry.npmjs.org/es6-iterator set size:6629 disposed:false
907 http fetch GET 200 https://registry.npmjs.org/websocket 163ms (cache revalidated)
908 silly packumentCache corgi:https://registry.npmjs.org/websocket set size:46028 disposed:false
909 silly packumentCache corgi:https://registry.npmjs.org/eslint-plugin-import cache-miss
910 silly packumentCache corgi:https://registry.npmjs.org/eslint-plugin-jsx-a11y cache-miss
911 silly packumentCache corgi:https://registry.npmjs.org/eslint-plugin-react cache-miss
912 http fetch GET 200 https://registry.npmjs.org/eslint-plugin-jsx-a11y 22ms (cache revalidated)
913 silly packumentCache corgi:https://registry.npmjs.org/eslint-plugin-jsx-a11y set size:108835 disposed:false
914 http fetch GET 200 https://registry.npmjs.org/eslint-plugin-import 23ms (cache revalidated)
915 silly packumentCache corgi:https://registry.npmjs.org/eslint-plugin-import set size:238396 disposed:false
916 http fetch GET 200 https://registry.npmjs.org/eslint-plugin-react 24ms (cache revalidated)
917 silly packumentCache corgi:https://registry.npmjs.org/eslint-plugin-react set size:309843 disposed:false
918 silly packumentCache corgi:https://registry.npmjs.org/@humanwhocodes%2fconfig-array cache-miss
919 silly packumentCache corgi:https://registry.npmjs.org/glob cache-miss
920 silly packumentCache corgi:https://registry.npmjs.org/jake cache-miss
921 http fetch GET 200 https://registry.npmjs.org/glob 24ms (cache revalidated)
922 silly packumentCache corgi:https://registry.npmjs.org/glob set size:199194 disposed:false
923 http fetch GET 200 https://registry.npmjs.org/jake 27ms (cache revalidated)
924 silly packumentCache corgi:https://registry.npmjs.org/jake set size:133806 disposed:false
925 http fetch GET 200 https://registry.npmjs.org/@humanwhocodes%2fconfig-array 41ms (cache revalidated)
926 silly packumentCache corgi:https://registry.npmjs.org/@humanwhocodes%2fconfig-array set size:69299 disposed:false
927 silly packumentCache corgi:https://registry.npmjs.org/filelist cache-miss
928 http fetch GET 200 https://registry.npmjs.org/filelist 21ms (cache revalidated)
929 silly packumentCache corgi:https://registry.npmjs.org/filelist set size:11409 disposed:false
930 silly packumentCache corgi:https://registry.npmjs.org/flat-cache cache-miss
931 http fetch GET 200 https://registry.npmjs.org/flat-cache 18ms (cache revalidated)
932 silly packumentCache corgi:https://registry.npmjs.org/flat-cache set size:50282 disposed:false
933 silly packumentCache corgi:https://registry.npmjs.org/inngest cache-miss
934 http fetch GET 200 https://registry.npmjs.org/inngest 166ms (cache revalidated)
935 silly packumentCache corgi:https://registry.npmjs.org/inngest set size:3038710 disposed:false
936 silly packumentCache corgi:https://registry.npmjs.org/fast-glob cache-miss
937 silly packumentCache corgi:https://registry.npmjs.org/tailwindcss cache-miss
938 http fetch GET 200 https://registry.npmjs.org/tailwindcss 24ms (cache revalidated)
939 silly packumentCache corgi:https://registry.npmjs.org/tailwindcss set size:4700937 disposed:false
940 http fetch GET 200 https://registry.npmjs.org/fast-glob 45ms (cache revalidated)
941 silly packumentCache corgi:https://registry.npmjs.org/fast-glob set size:86036 disposed:false
942 silly packumentCache corgi:https://registry.npmjs.org/autoprefixer cache-miss
943 silly packumentCache corgi:https://registry.npmjs.org/postcss-import cache-miss
944 silly packumentCache corgi:https://registry.npmjs.org/postcss-js cache-miss
945 silly packumentCache corgi:https://registry.npmjs.org/postcss-load-config cache-miss
946 silly packumentCache corgi:https://registry.npmjs.org/postcss-nested cache-miss
947 http fetch GET 200 https://registry.npmjs.org/autoprefixer 51ms (cache revalidated)
948 silly packumentCache corgi:https://registry.npmjs.org/autoprefixer set size:298545 disposed:false
949 http fetch GET 200 https://registry.npmjs.org/postcss-nested 53ms (cache revalidated)
950 silly packumentCache corgi:https://registry.npmjs.org/postcss-nested set size:41645 disposed:false
951 http fetch GET 200 https://registry.npmjs.org/postcss-import 54ms (cache revalidated)
952 silly packumentCache corgi:https://registry.npmjs.org/postcss-import set size:52251 disposed:false
953 http fetch GET 200 https://registry.npmjs.org/postcss-js 55ms (cache revalidated)
954 silly packumentCache corgi:https://registry.npmjs.org/postcss-js set size:25314 disposed:false
955 http fetch GET 200 https://registry.npmjs.org/postcss-load-config 193ms (cache revalidated)
956 silly packumentCache corgi:https://registry.npmjs.org/postcss-load-config set size:37999 disposed:false
957 silly packumentCache corgi:https://registry.npmjs.org/anymatch cache-miss
958 silly packumentCache corgi:https://registry.npmjs.org/readdirp cache-miss
959 http fetch GET 200 https://registry.npmjs.org/anymatch 19ms (cache revalidated)
960 silly packumentCache corgi:https://registry.npmjs.org/anymatch set size:18345 disposed:false
961 http fetch GET 200 https://registry.npmjs.org/readdirp 20ms (cache revalidated)
962 silly packumentCache corgi:https://registry.npmjs.org/readdirp set size:47123 disposed:false
963 silly packumentCache corgi:https://registry.npmjs.org/prebuild-install cache-miss
964 http fetch GET 200 https://registry.npmjs.org/prebuild-install 19ms (cache revalidated)
965 silly packumentCache corgi:https://registry.npmjs.org/prebuild-install set size:82082 disposed:false
966 silly packumentCache corgi:https://registry.npmjs.org/sharp cache-miss
967 http fetch GET 200 https://registry.npmjs.org/sharp 160ms (cache revalidated)
968 silly packumentCache corgi:https://registry.npmjs.org/sharp set size:260776 disposed:false
969 silly packumentCache corgi:https://registry.npmjs.org/onnx-proto cache-miss
970 http fetch GET 200 https://registry.npmjs.org/onnx-proto 25ms (cache revalidated)
971 silly packumentCache corgi:https://registry.npmjs.org/onnx-proto set size:10521 disposed:false
972 silly packumentCache corgi:https://registry.npmjs.org/optionator cache-miss
973 http fetch GET 200 https://registry.npmjs.org/optionator 18ms (cache revalidated)
974 silly packumentCache corgi:https://registry.npmjs.org/optionator set size:17570 disposed:false
975 silly packumentCache corgi:https://registry.npmjs.org/@clerk%2fclerk-sdk-node cache-miss
976 http fetch GET 200 https://registry.npmjs.org/@clerk%2fclerk-sdk-node 552ms (cache revalidated)
977 silly packumentCache corgi:https://registry.npmjs.org/@clerk%2fclerk-sdk-node set size:3917935 disposed:false
978 silly packumentCache corgi:https://registry.npmjs.org/onnxruntime-web cache-miss
979 http fetch GET 200 https://registry.npmjs.org/onnxruntime-web 22ms (cache revalidated)
980 silly packumentCache corgi:https://registry.npmjs.org/onnxruntime-web set size:674575 disposed:false
981 silly packumentCache corgi:https://registry.npmjs.org/@xenova%2ftransformers cache-miss
982 http fetch GET 200 https://registry.npmjs.org/@xenova%2ftransformers 313ms (cache revalidated)
983 silly packumentCache corgi:https://registry.npmjs.org/@xenova%2ftransformers set size:93845 disposed:false
984 verbose cwd /private/tmp/founderpet
985 verbose os Darwin 25.3.0
986 verbose node v22.22.0
987 verbose npm  v10.9.4
988 verbose exit 0
989 info ok
